/*
	UA
	Credits: ChimpanG
*/

-----------------------------------------------
-- Types
-----------------------------------------------

INSERT INTO	Types
		(Type,											Kind			)
VALUES	('TRAIT_CIVILIZATION_CVS_SWITZERLAND_UA',		'KIND_TRAIT'	),
		('MODTYPE_CVS_SWITZERLAND_UA_ATTACH_CITIES',	'KIND_MODIFIER'	),
		('MODTYPE_CVS_SWITZERLAND_UA_DISTRICT_GPP',		'KIND_MODIFIER'	);

-----------------------------------------------
-- Traits
-----------------------------------------------

INSERT INTO	Traits	
		(TraitType,									Name,												Description												)
VALUES	('TRAIT_CIVILIZATION_CVS_SWITZERLAND_UA',	'LOC_TRAIT_CIVILIZATION_CVS_SWITZERLAND_UA_NAME',	'LOC_TRAIT_CIVILIZATION_CVS_SWITZERLAND_UA_DESCRIPTION'	);
		
-----------------------------------------------
-- CivilizationTraits
-----------------------------------------------

INSERT INTO	CivilizationTraits
		(CivilizationType,					TraitType								)
VALUES	('CIVILIZATION_CVS_SWITZERLAND',	'TRAIT_CIVILIZATION_CVS_SWITZERLAND_UA'	);

-----------------------------------------------
-- TraitModifiers
-- Instead of DistrictModifiers because this needs to be routed via City-States
-----------------------------------------------

INSERT INTO	TraitModifiers
		(TraitType,									ModifierId											)
VALUES	('TRAIT_CIVILIZATION_CVS_SWITZERLAND_UA',	'MODIFIER_CVS_SWITZERLAND_UA_GPP_SCIENTIST_ATTACH'	),
		('TRAIT_CIVILIZATION_CVS_SWITZERLAND_UA',	'MODIFIER_CVS_SWITZERLAND_UA_GPP_PROPHET_ATTACH'	),
		('TRAIT_CIVILIZATION_CVS_SWITZERLAND_UA',	'MODIFIER_CVS_SWITZERLAND_UA_GPP_MERCHANT_ATTACH'	),
		('TRAIT_CIVILIZATION_CVS_SWITZERLAND_UA',	'MODIFIER_CVS_SWITZERLAND_UA_GPP_WRITER_ATTACH'		),
		('TRAIT_CIVILIZATION_CVS_SWITZERLAND_UA',	'MODIFIER_CVS_SWITZERLAND_UA_GPP_ARTIST_ATTACH'		),
		('TRAIT_CIVILIZATION_CVS_SWITZERLAND_UA',	'MODIFIER_CVS_SWITZERLAND_UA_GPP_MUSICIAN_ATTACH'	),
		('TRAIT_CIVILIZATION_CVS_SWITZERLAND_UA',	'MODIFIER_CVS_SWITZERLAND_UA_GPP_ENGINEER_ATTACH'	),
		('TRAIT_CIVILIZATION_CVS_SWITZERLAND_UA',	'MODIFIER_CVS_SWITZERLAND_UA_GPP_GENERAL_ATTACH'	),
		('TRAIT_CIVILIZATION_CVS_SWITZERLAND_UA',	'MODIFIER_CVS_SWITZERLAND_UA_GPP_ADMIRAL_ATTACH'	);

-----------------------------------------------
-- DynamicModifiers
-----------------------------------------------

INSERT INTO	DynamicModifiers
		(ModifierType,									CollectionType,					EffectType										)
VALUES	('MODTYPE_CVS_SWITZERLAND_UA_ATTACH_CITIES',	'COLLECTION_PLAYER_CITIES',		'EFFECT_ATTACH_MODIFIER'						),
		('MODTYPE_CVS_SWITZERLAND_UA_DISTRICT_GPP',		'COLLECTION_CITY_DISTRICTS',	'EFFECT_ADJUST_DISTRICT_GREAT_PERSON_POINTS'	);

-----------------------------------------------
-- Modifiers
-----------------------------------------------

INSERT INTO	Modifiers
		(ModifierId,											ModifierType,								SubjectRequirementSetId,						RunOnce,	Permanent	)
VALUES	('MODIFIER_CVS_SWITZERLAND_UA_GPP_SCIENTIST_ATTACH',	'MODTYPE_CVS_SWITZERLAND_UI_ATTACH_CITIES',	'REQSET_CVS_SWITZERLAND_UA_CITY_HAS_GOVERNOR',	0,			0			),
		('MODIFIER_CVS_SWITZERLAND_UA_GPP_SCIENTIST',			'MODTYPE_CVS_SWITZERLAND_UI_DISTRICT_GPP',	'REQSET_CVS_SWITZERLAND_UA_IS_CAMPUS',			0,			0			),
		('MODIFIER_CVS_SWITZERLAND_UA_GPP_PROPHET_ATTACH',		'MODTYPE_CVS_SWITZERLAND_UI_ATTACH_CITIES',	'REQSET_CVS_SWITZERLAND_UA_CITY_HAS_GOVERNOR',	0,			0			),
		('MODIFIER_CVS_SWITZERLAND_UA_GPP_PROPHET',				'MODTYPE_CVS_SWITZERLAND_UI_DISTRICT_GPP',	'REQSET_CVS_SWITZERLAND_UA_IS_HOLY_SITE',		0,			0			),
		('MODIFIER_CVS_SWITZERLAND_UA_GPP_MERCHANT_ATTACH',		'MODTYPE_CVS_SWITZERLAND_UI_ATTACH_CITIES',	'REQSET_CVS_SWITZERLAND_UA_CITY_HAS_GOVERNOR',	0,			0			),
		('MODIFIER_CVS_SWITZERLAND_UA_GPP_MERCHANT',			'MODTYPE_CVS_SWITZERLAND_UI_DISTRICT_GPP',	'REQSET_CVS_SWITZERLAND_UA_IS_COMMERCIAL',		0,			0			),
		('MODIFIER_CVS_SWITZERLAND_UA_GPP_WRITER_ATTACH',		'MODTYPE_CVS_SWITZERLAND_UI_ATTACH_CITIES',	'REQSET_CVS_SWITZERLAND_UA_CITY_HAS_GOVERNOR',	0,			0			),
		('MODIFIER_CVS_SWITZERLAND_UA_GPP_WRITER',				'MODTYPE_CVS_SWITZERLAND_UI_DISTRICT_GPP',	'REQSET_CVS_SWITZERLAND_UA_IS_THEATER',			0,			0			),
		('MODIFIER_CVS_SWITZERLAND_UA_GPP_ARTIST_ATTACH',		'MODTYPE_CVS_SWITZERLAND_UI_ATTACH_CITIES',	'REQSET_CVS_SWITZERLAND_UA_CITY_HAS_GOVERNOR',	0,			0			),
		('MODIFIER_CVS_SWITZERLAND_UA_GPP_ARTIST',				'MODTYPE_CVS_SWITZERLAND_UI_DISTRICT_GPP',	'REQSET_CVS_SWITZERLAND_UA_IS_THEATER',			0,			0			),
		('MODIFIER_CVS_SWITZERLAND_UA_GPP_MUSICIAN_ATTACH',		'MODTYPE_CVS_SWITZERLAND_UI_ATTACH_CITIES',	'REQSET_CVS_SWITZERLAND_UA_CITY_HAS_GOVERNOR',	0,			0			),
		('MODIFIER_CVS_SWITZERLAND_UA_GPP_MUSICIAN',			'MODTYPE_CVS_SWITZERLAND_UI_DISTRICT_GPP',	'REQSET_CVS_SWITZERLAND_UA_IS_THEATER',			0,			0			),
		('MODIFIER_CVS_SWITZERLAND_UA_GPP_ENGINEER_ATTACH',		'MODTYPE_CVS_SWITZERLAND_UI_ATTACH_CITIES',	'REQSET_CVS_SWITZERLAND_UA_CITY_HAS_GOVERNOR',	0,			0			),
		('MODIFIER_CVS_SWITZERLAND_UA_GPP_ENGINEER',			'MODTYPE_CVS_SWITZERLAND_UI_DISTRICT_GPP',	'REQSET_CVS_SWITZERLAND_UA_IS_INDUSTRIAL',		0,			0			),
		('MODIFIER_CVS_SWITZERLAND_UA_GPP_GENERAL_ATTACH',		'MODTYPE_CVS_SWITZERLAND_UI_ATTACH_CITIES',	'REQSET_CVS_SWITZERLAND_UA_CITY_HAS_GOVERNOR',	0,			0			),
		('MODIFIER_CVS_SWITZERLAND_UA_GPP_GENERAL',				'MODTYPE_CVS_SWITZERLAND_UI_DISTRICT_GPP',	'REQSET_CVS_SWITZERLAND_UA_IS_ENCAMPMENT',		0,			0			),
		('MODIFIER_CVS_SWITZERLAND_UA_GPP_ADMIRAL_ATTACH',		'MODTYPE_CVS_SWITZERLAND_UI_ATTACH_CITIES',	'REQSET_CVS_SWITZERLAND_UA_CITY_HAS_GOVERNOR',	0,			0			),
		('MODIFIER_CVS_SWITZERLAND_UA_GPP_ADMIRAL',				'MODTYPE_CVS_SWITZERLAND_UI_DISTRICT_GPP',	'REQSET_CVS_SWITZERLAND_UA_IS_HARBOR',			0,			0			);

-----------------------------------------------
-- ModifierArguments
-----------------------------------------------

INSERT INTO	ModifierArguments		
		(ModifierId,											Name,					Value											)
VALUES	('MODIFIER_CVS_SWITZERLAND_UA_GPP_SCIENTIST_ATTACH',	'ModifierId',			'MODIFIER_CVS_SWITZERLAND_UA_GPP_SCIENTIST'		),
		('MODIFIER_CVS_SWITZERLAND_UA_GPP_SCIENTIST',			'GreatPersonClassType',	'GREAT_PERSON_CLASS_SCIENTIST'					),
		('MODIFIER_CVS_SWITZERLAND_UA_GPP_SCIENTIST',			'Amount',				1												),
		('MODIFIER_CVS_SWITZERLAND_UA_GPP_PROPHET_ATTACH',		'ModifierId',			'MODIFIER_CVS_SWITZERLAND_UA_GPP_PROPHET'		),
		('MODIFIER_CVS_SWITZERLAND_UA_GPP_PROPHET',				'GreatPersonClassType',	'GREAT_PERSON_CLASS_PROPHET'					),
		('MODIFIER_CVS_SWITZERLAND_UA_GPP_PROPHET',				'Amount',				1												),
		('MODIFIER_CVS_SWITZERLAND_UA_GPP_MERCHANT_ATTACH',		'ModifierId',			'MODIFIER_CVS_SWITZERLAND_UA_GPP_MERCHANT'		),
		('MODIFIER_CVS_SWITZERLAND_UA_GPP_MERCHANT',			'GreatPersonClassType',	'GREAT_PERSON_CLASS_MERCHANT'					),
		('MODIFIER_CVS_SWITZERLAND_UA_GPP_MERCHANT',			'Amount',				1												),
		('MODIFIER_CVS_SWITZERLAND_UA_GPP_WRITER_ATTACH',		'ModifierId',			'MODIFIER_CVS_SWITZERLAND_UA_GPP_WRITER'		),
		('MODIFIER_CVS_SWITZERLAND_UA_GPP_WRITER',				'GreatPersonClassType',	'GREAT_PERSON_CLASS_WRITER'						),
		('MODIFIER_CVS_SWITZERLAND_UA_GPP_WRITER',				'Amount',				1												),
		('MODIFIER_CVS_SWITZERLAND_UA_GPP_ARTIST_ATTACH',		'ModifierId',			'MODIFIER_CVS_SWITZERLAND_UA_GPP_ARTIST'		),
		('MODIFIER_CVS_SWITZERLAND_UA_GPP_ARTIST',				'GreatPersonClassType',	'GREAT_PERSON_CLASS_ARTIST'						),
		('MODIFIER_CVS_SWITZERLAND_UA_GPP_ARTIST',				'Amount',				1												),
		('MODIFIER_CVS_SWITZERLAND_UA_GPP_MUSICIAN_ATTACH',		'ModifierId',			'MODIFIER_CVS_SWITZERLAND_UA_GPP_MUSICIAN'		),
		('MODIFIER_CVS_SWITZERLAND_UA_GPP_MUSICIAN',			'GreatPersonClassType',	'GREAT_PERSON_CLASS_MUSICIAN'					),
		('MODIFIER_CVS_SWITZERLAND_UA_GPP_MUSICIAN',			'Amount',				1												),
		('MODIFIER_CVS_SWITZERLAND_UA_GPP_ENGINEER_ATTACH',		'ModifierId',			'MODIFIER_CVS_SWITZERLAND_UA_GPP_ENGINEER'		),
		('MODIFIER_CVS_SWITZERLAND_UA_GPP_ENGINEER',			'GreatPersonClassType',	'GREAT_PERSON_CLASS_ENGINEER'					),
		('MODIFIER_CVS_SWITZERLAND_UA_GPP_ENGINEER',			'Amount',				1												),
		('MODIFIER_CVS_SWITZERLAND_UA_GPP_GENERAL_ATTACH',		'ModifierId',			'MODIFIER_CVS_SWITZERLAND_UA_GPP_GENERAL'		),
		('MODIFIER_CVS_SWITZERLAND_UA_GPP_GENERAL',				'GreatPersonClassType',	'GREAT_PERSON_CLASS_GENERAL'					),
		('MODIFIER_CVS_SWITZERLAND_UA_GPP_GENERAL',				'Amount',				1												),
		('MODIFIER_CVS_SWITZERLAND_UA_GPP_ADMIRAL_ATTACH',		'ModifierId',			'MODIFIER_CVS_SWITZERLAND_UA_GPP_ADMIRAL'		),
		('MODIFIER_CVS_SWITZERLAND_UA_GPP_ADMIRAL',				'GreatPersonClassType',	'GREAT_PERSON_CLASS_ADMIRAL'					),
		('MODIFIER_CVS_SWITZERLAND_UA_GPP_ADMIRAL',				'Amount',				1												);

-----------------------------------------------
-- RequirementSets
-----------------------------------------------

INSERT INTO RequirementSets
		(RequirementSetId,								RequirementSetType			)
VALUES	('REQSET_CVS_SWITZERLAND_UA_CITY_HAS_GOVERNOR',	'REQUIREMENTSET_TEST_ALL'	),
		('REQSET_CVS_SWITZERLAND_UA_IS_CAMPUS',			'REQUIREMENTSET_TEST_ALL'	),
		('REQSET_CVS_SWITZERLAND_UA_IS_HOLY_SITE',		'REQUIREMENTSET_TEST_ALL'	),
		('REQSET_CVS_SWITZERLAND_UA_IS_COMMERCIAL',		'REQUIREMENTSET_TEST_ALL'	),
		('REQSET_CVS_SWITZERLAND_UA_IS_THEATER',		'REQUIREMENTSET_TEST_ALL'	),
		('REQSET_CVS_SWITZERLAND_UA_IS_INDUSTRIAL',		'REQUIREMENTSET_TEST_ALL'	),
		('REQSET_CVS_SWITZERLAND_UA_IS_ENCAMPMENT',		'REQUIREMENTSET_TEST_ALL'	),
		('REQSET_CVS_SWITZERLAND_UA_IS_HARBOR',			'REQUIREMENTSET_TEST_ALL'	);

-----------------------------------------------
-- RequirementSetRequirements
-----------------------------------------------

INSERT INTO RequirementSetRequirements
		(RequirementSetId,								RequirementId								)
VALUES	('REQSET_CVS_SWITZERLAND_UA_CITY_HAS_GOVERNOR',	'REQ_CVS_SWITZERLAND_UA_CITY_HAS_GOVERNOR'	),
		('REQSET_CVS_SWITZERLAND_UA_IS_CAMPUS',			'REQ_CVS_SWITZERLAND_UA_IS_CAMPUS'			),
		('REQSET_CVS_SWITZERLAND_UA_IS_HOLY_SITE',		'REQ_CVS_SWITZERLAND_UA_IS_HOLY_SITE'		),
		('REQSET_CVS_SWITZERLAND_UA_IS_COMMERCIAL',		'REQ_CVS_SWITZERLAND_UA_IS_COMMERCIAL'		),
		('REQSET_CVS_SWITZERLAND_UA_IS_THEATER',		'REQ_CVS_SWITZERLAND_UA_IS_THEATER'			),
		('REQSET_CVS_SWITZERLAND_UA_IS_INDUSTRIAL',		'REQ_CVS_SWITZERLAND_UA_IS_INDUSTRIAL'		),
		('REQSET_CVS_SWITZERLAND_UA_IS_ENCAMPMENT',		'REQ_CVS_SWITZERLAND_UA_IS_ENCAMPMENT'		),
		('REQSET_CVS_SWITZERLAND_UA_IS_HARBOR',			'REQ_CVS_SWITZERLAND_UA_IS_HARBOR'			);

-----------------------------------------------
-- Requirements
-----------------------------------------------

INSERT INTO Requirements
		(RequirementId,									RequirementType,									Inverse	)
VALUES	('REQ_CVS_SWITZERLAND_UA_CITY_HAS_GOVERNOR',	'REQUIREMENT_CITY_HAS_GOVERNOR_WITH_X_TITLES',		0		),
		('REQ_CVS_SWITZERLAND_UA_IS_CAMPUS',			'REQUIREMENT_DISTRICT_TYPE_MATCHES',				0		),
		('REQ_CVS_SWITZERLAND_UA_IS_HOLY_SITE',			'REQUIREMENT_DISTRICT_TYPE_MATCHES',				0		),
		('REQ_CVS_SWITZERLAND_UA_IS_COMMERCIAL',		'REQUIREMENT_DISTRICT_TYPE_MATCHES',				0		),
		('REQ_CVS_SWITZERLAND_UA_IS_THEATER',			'REQUIREMENT_DISTRICT_TYPE_MATCHES',				0		),
		('REQ_CVS_SWITZERLAND_UA_IS_INDUSTRIAL',		'REQUIREMENT_DISTRICT_TYPE_MATCHES',				0		),
		('REQ_CVS_SWITZERLAND_UA_IS_ENCAMPMENT',		'REQUIREMENT_DISTRICT_TYPE_MATCHES',				0		),
		('REQ_CVS_SWITZERLAND_UA_IS_HARBOR',			'REQUIREMENT_DISTRICT_TYPE_MATCHES',				0		);

-----------------------------------------------
-- RequirementArguments
-----------------------------------------------
		
INSERT INTO RequirementArguments
		(RequirementId,									Name,			Value						)
VALUES	('REQ_CVS_SWITZERLAND_UA_CITY_HAS_GOVERNOR',	'Amount',		3							),
		('REQ_CVS_SWITZERLAND_UA_CITY_HAS_GOVERNOR',	'Established',	1							),
		('REQ_CVS_SWITZERLAND_UA_IS_CAMPUS',			'DistrictType',	'DISTRICT_CAMPUS'			),
		('REQ_CVS_SWITZERLAND_UA_IS_HOLY_SITE',			'DistrictType',	'DISTRICT_HOLY_SITE'		),
		('REQ_CVS_SWITZERLAND_UA_IS_COMMERCIAL',		'DistrictType',	'DISTRICT_COMMERCIAL_HUB'	),
		('REQ_CVS_SWITZERLAND_UA_IS_THEATER',			'DistrictType',	'DISTRICT_THEATER'			),
		('REQ_CVS_SWITZERLAND_UA_IS_INDUSTRIAL',		'DistrictType',	'DISTRICT_INDUSTRIAL_ZONE'	),
		('REQ_CVS_SWITZERLAND_UA_IS_ENCAMPMENT',		'DistrictType',	'DISTRICT_ENCAMPMENT'		),
		('REQ_CVS_SWITZERLAND_UA_IS_HARBOR',			'DistrictType',	'DISTRICT_HARBOR'			);
		