/*
	XP2
	Authors: ChimpanG
*/

-----------------------------------------------
-- NamedMountains
-----------------------------------------------

REPLACE INTO NamedMountains
		(NamedMountainType,				Name								)
VALUES	('NAMED_MOUNTAIN_ZAMBALES',		'LOC_NAMED_MOUNTAIN_ZAMBALES'		),
		('NAMED_MOUNTAIN_SIERRA_MADRE',	'LOC_NAMED_MOUNTAIN_SIERRA_MADRE'	),
		('NAMED_MOUNTAIN_CARABALLO',	'LOC_NAMED_MOUNTAIN_CARABALLO'		),
		('NAMED_MOUNTAIN_CORDILLERA',	'LOC_NAMED_MOUNTAIN_CORDILLERA'		);

-----------------------------------------------
-- NamedMountainCivilizations
-----------------------------------------------

INSERT INTO NamedMountainCivilizations
		(CivilizationType,					NamedMountainType				)
VALUES	('CIVILIZATION_CVS_PHILIPPINES',	'NAMED_MOUNTAIN_ZAMBALES'		),
		('CIVILIZATION_CVS_PHILIPPINES',	'NAMED_MOUNTAIN_SIERRA_MADRE'	),
		('CIVILIZATION_CVS_PHILIPPINES',	'NAMED_MOUNTAIN_CARABALLO'		),
		('CIVILIZATION_CVS_PHILIPPINES',	'NAMED_MOUNTAIN_CORDILLERA'		);

-----------------------------------------------
-- NamedRivers
-----------------------------------------------

REPLACE INTO NamedRivers
		(NamedRiverType,				Name								)
VALUES	('NAMED_RIVER_PASIG_RIVER',		'LOC_NAMED_RIVER_PASIG_RIVER'		),
		('NAMED_RIVER_AGUSAN_RIVER',	'LOC_NAMED_RIVER_AGUSAN_RIVER'		),
		('NAMED_RIVER_CAGAYAN_RIVER',	'LOC_NAMED_RIVER_CAGAYAN_RIVER'		),
		('NAMED_RIVER_MINDANAO_RIVER',	'LOC_NAMED_RIVER_MINDANAO_RIVER'	),
		('NAMED_RIVER_PAMPANGA_RIVER',	'LOC_NAMED_RIVER_PAMPANGA_RIVER'	);

-----------------------------------------------
-- NamedRiverCivilizations
-----------------------------------------------

INSERT INTO NamedRiverCivilizations
		(CivilizationType,					NamedRiverType					)
VALUES	('CIVILIZATION_CVS_PHILIPPINES',	'NAMED_RIVER_PASIG_RIVER'		),
		('CIVILIZATION_CVS_PHILIPPINES',	'NAMED_RIVER_AGUSAN_RIVER'		),
		('CIVILIZATION_CVS_PHILIPPINES',	'NAMED_RIVER_CAGAYAN_RIVER'		),
		('CIVILIZATION_CVS_PHILIPPINES',	'NAMED_RIVER_MINDANAO_RIVER'	),
		('CIVILIZATION_CVS_PHILIPPINES',	'NAMED_RIVER_PAMPANGA_RIVER'	);

-----------------------------------------------
-- NamedSeas
-----------------------------------------------

REPLACE INTO NamedSeas
		(NamedSeaType,				Name							)
VALUES	('NAMED_SEA_VISAYAN_SEA',	'LOC_NAMED_SEA_VISAYAN_SEA'		),
		('NAMED_SEA_BOHOL_SEA',		'LOC_NAMED_SEA_BOHOL_SEA'		),
		('NAMED_SEA_CAMOTES_SEA',	'LOC_NAMED_SEA_CAMOTES_SEA'		),
		('NAMED_SEA_SIBUYAN_SEA',	'LOC_NAMED_SEA_SIBUYAN_SEA'		),
		('NAMED_SEA_SAMAR_SEA',		'LOC_NAMED_SEA_SAMAR_SEA'		),
		('NAMED_SEA_MORO_GULF',		'LOC_NAMED_SEA_MORO_GULF'		),
		('NAMED_SEA_LEYTE_GULF',	'LOC_NAMED_SEA_LEYTE_GULF'		),
		('NAMED_SEA_LINGAYEN_GULF',	'LOC_NAMED_SEA_LINGAYEN_GULF'	),
		('NAMED_SEA_DAVAO_GULF',	'LOC_NAMED_SEA_DAVAO_GULF'		),
		('NAMED_SEA_PANAY_GULF',	'LOC_NAMED_SEA_PANAY_GULF'		),
		('NAMED_SEA_LUZON_STRAIT',	'LOC_NAMED_SEA_LUZON_STRAIT'	),
		('NAMED_SEA_SIBUTU_PASSAGE','LOC_NAMED_SEA_SIBUTU_PASSAGE'	),
		('NAMED_SEA_MANILA_BAY',	'LOC_NAMED_SEA_MANILA_BAY'		),
		('NAMED_SEA_BUTUAN_BAY',	'LOC_NAMED_SEA_BUTUAN_BAY'		),
		('NAMED_SEA_SUBIC_BAY',		'LOC_NAMED_SEA_SUBIC_BAY'		);

-----------------------------------------------
-- NamedSeaCivilizations
-----------------------------------------------

INSERT INTO NamedSeaCivilizations
		(CivilizationType,					NamedSeaType				)
VALUES	('CIVILIZATION_CVS_PHILIPPINES',	'NAMED_SEA_PHILIPPINE_SEA'	),
		('CIVILIZATION_CVS_PHILIPPINES',	'NAMED_SEA_SOUTH_CHINA_SEA'	),
		('CIVILIZATION_CVS_PHILIPPINES',	'NAMED_SEA_SULU_SEA'		),
		('CIVILIZATION_CVS_PHILIPPINES',	'NAMED_SEA_VISAYAN_SEA'		),
		('CIVILIZATION_CVS_PHILIPPINES',	'NAMED_SEA_CELEBES_SEA'		),
		('CIVILIZATION_CVS_PHILIPPINES',	'NAMED_SEA_BOHOL_SEA'		),
		('CIVILIZATION_CVS_PHILIPPINES',	'NAMED_SEA_CAMOTES_SEA'		),
		('CIVILIZATION_CVS_PHILIPPINES',	'NAMED_SEA_SIBUYAN_SEA'		),
		('CIVILIZATION_CVS_PHILIPPINES',	'NAMED_SEA_SAMAR_SEA'		),
		('CIVILIZATION_CVS_PHILIPPINES',	'NAMED_SEA_MORO_GULF'		),
		('CIVILIZATION_CVS_PHILIPPINES',	'NAMED_SEA_LEYTE_GULF'		),
		('CIVILIZATION_CVS_PHILIPPINES',	'NAMED_SEA_LINGAYEN_GULF'	),
		('CIVILIZATION_CVS_PHILIPPINES',	'NAMED_SEA_DAVAO_GULF'		),
		('CIVILIZATION_CVS_PHILIPPINES',	'NAMED_SEA_PANAY_GULF'		),
		('CIVILIZATION_CVS_PHILIPPINES',	'NAMED_SEA_LUZON_STRAIT'	),
		('CIVILIZATION_CVS_PHILIPPINES',	'NAMED_SEA_SIBUTU_PASSAGE'	),
		('CIVILIZATION_CVS_PHILIPPINES',	'NAMED_SEA_MANILA_BAY'		),
		('CIVILIZATION_CVS_PHILIPPINES',	'NAMED_SEA_BUTUAN_BAY'		),
		('CIVILIZATION_CVS_PHILIPPINES',	'NAMED_SEA_SUBIC_BAY'		);

-----------------------------------------------
-- NamedVolcanoes
-----------------------------------------------

REPLACE INTO NamedLakes
		(NamedLakeType,					Name							)
VALUES	('NAMED_LAKE_LAGUNA_DE_BAY',	'LOC_NAMED_LAKE_LAGUNA_DE_BAY'	),
		('NAMED_LAKE_LANAO',			'LOC_NAMED_LAKE_LANAO'			),
		('NAMED_LAKE_TAAL',				'LOC_NAMED_LAKE_TAAL'			),
		('NAMED_LAKE_LAIKE_MAINIT',		'LOC_NAMED_LAKE_LAIKE_MAINIT'	),
		('NAMED_LAKE_PINATUBO',			'LOC_NAMED_LAKE_PINATUBO'		),
		('NAMED_LAKE_NAUJAN',			'LOC_NAMED_LAKE_NAUJAN'			),
		('NAMED_LAKE_BULUAN',			'LOC_NAMED_LAKE_BULUAN'			),
		('NAMED_LAKE_BATO',				'LOC_NAMED_LAKE_BATO'			),
		('NAMED_LAKE_BUHI',				'LOC_NAMED_LAKE_BUHI'			);

-----------------------------------------------
-- NamedLakeCivilizations
-----------------------------------------------

INSERT INTO NamedLakeCivilizations
		(CivilizationType,					NamedLakeType				)
VALUES	('CIVILIZATION_CVS_PHILIPPINES',	'NAMED_LAKE_LAGUNA_DE_BAY'	),
		('CIVILIZATION_CVS_PHILIPPINES',	'NAMED_LAKE_LANAO'			),
		('CIVILIZATION_CVS_PHILIPPINES',	'NAMED_LAKE_TAAL'			),
		('CIVILIZATION_CVS_PHILIPPINES',	'NAMED_LAKE_LAIKE_MAINIT'	),
		('CIVILIZATION_CVS_PHILIPPINES',	'NAMED_LAKE_PINATUBO'		),
		('CIVILIZATION_CVS_PHILIPPINES',	'NAMED_LAKE_NAUJAN'			),
		('CIVILIZATION_CVS_PHILIPPINES',	'NAMED_LAKE_BULUAN'			),
		('CIVILIZATION_CVS_PHILIPPINES',	'NAMED_LAKE_BATO'			),
		('CIVILIZATION_CVS_PHILIPPINES',	'NAMED_LAKE_BUHI'			);

-----------------------------------------------
-- NamedVolcanoes
-----------------------------------------------

REPLACE INTO NamedVolcanoes
		(NamedVolcanoType,				Name							)
VALUES	('NAMED_VOLCANO_MAYON',			'LOC_NAMED_VOLCANO_MAYON'		),
		('NAMED_VOLCANO_PINATUBO',		'LOC_NAMED_VOLCANO_PINATUBO'	),
		('NAMED_VOLCANO_TAAL',			'LOC_NAMED_VOLCANO_TAAL'		),
		('NAMED_VOLCANO_BULUSAN',		'LOC_NAMED_VOLCANO_BULUSAN'		),
		('NAMED_VOLCANO_KANLAON',		'LOC_NAMED_VOLCANO_KANLAON'		),
		('NAMED_VOLCANO_HIBOK_HIBOK',	'LOC_NAMED_VOLCANO_HIBOK_HIBOK'	);

-----------------------------------------------
-- NamedVolcanoCivilizations
-----------------------------------------------

INSERT INTO NamedVolcanoCivilizations
		(CivilizationType,					NamedVolcanoType			)
VALUES	('CIVILIZATION_CVS_PHILIPPINES',	'NAMED_VOLCANO_MAYON'		),
		('CIVILIZATION_CVS_PHILIPPINES',	'NAMED_VOLCANO_PINATUBO'	),
		('CIVILIZATION_CVS_PHILIPPINES',	'NAMED_VOLCANO_TAAL'		),
		('CIVILIZATION_CVS_PHILIPPINES',	'NAMED_VOLCANO_BULUSAN'		),
		('CIVILIZATION_CVS_PHILIPPINES',	'NAMED_VOLCANO_KANLAON'		),
		('CIVILIZATION_CVS_PHILIPPINES',	'NAMED_VOLCANO_HIBOK_HIBOK'	);