-- CVS_Seljuq_Database
-- Author: thecrazyscotsman
-- DateCreated: 9/19/2017
--------------------------------------------------------------

INSERT INTO THECRAZYSCOTSMAN_DEBUGGING (Document, Marker, Pass) SELECT 'CVS_Seljuq_Database', 'BEGIN', 1;
--=====
--TYPES
--=====
INSERT INTO Types (Type, Kind)
	VALUES
		('CVS_CIVILIZATION_SELJUQ', 'KIND_CIVILIZATION'),
		('CVS_IMPROVEMENT_CARAVANSERAI', 'KIND_IMPROVEMENT'),
		('CVS_UNIT_SARBAZ', 'KIND_UNIT'),
		('CVS_ABILITY_SARBAZ_NO_MELEE_WEAKNESS', 'KIND_ABILITY'),
		('CVS_TRAIT_CIVILIZATION_SIYASATNAMA', 'KIND_TRAIT'),
		('CVS_TRAIT_CIVILIZATION_IMPROVEMENT_CARAVANSERAI', 'KIND_TRAIT'),
		('CVS_TRAIT_CIVILIZATION_UNIT_SARBAZ', 'KIND_TRAIT');

--INSERT INTO THECRAZYSCOTSMAN_DEBUGGING (Document, Marker, Pass) SELECT 'CVS_Seljuq_Database', 'TYPES', 1;
--=============
--CIVILIZATIONS
--=============
INSERT INTO Civilizations (CivilizationType, Name, Description, Adjective, StartingCivilizationLevelType, RandomCityNameDepth, Ethnicity)
	VALUES
		('CVS_CIVILIZATION_SELJUQ', 'LOC_CVS_CIVILIZATION_SELJUQ_NAME', 'LOC_CVS_CIVILIZATION_SELJUQ_DESCRIPTION', 'LOC_CVS_CIVILIZATION_SELJUQ_ADJECTIVE', 'CIVILIZATION_LEVEL_FULL_CIV', 10, 'ETHNICITY_MEDIT');

--===========
--IMPROVEMENTS
--===========
INSERT INTO Improvements (ImprovementType, Name, Description, Icon, PlunderType, PlunderAmount, Buildable, SameAdjacentValid, PrereqCivic, TraitType)
	VALUES
		('CVS_IMPROVEMENT_CARAVANSERAI', 'LOC_CVS_IMPROVEMENT_CARAVANSERAI_NAME', 'LOC_CVS_IMPROVEMENT_CARAVANSERAI_DESCRIPTION', 'ICON_CVS_IMPROVEMENT_CARAVANSERAI', 'PLUNDER_GOLD', 50, 1, 0,  'CIVIC_STATE_WORKFORCE', 'CVS_TRAIT_CIVILIZATION_IMPROVEMENT_CARAVANSERAI');

INSERT INTO Improvement_Adjacencies (ImprovementType, YieldChangeId)
	VALUES
		('CVS_IMPROVEMENT_CARAVANSERAI', 'CVS_Caravanserai_River'),
		('CVS_IMPROVEMENT_CARAVANSERAI', 'CVS_Caravanserai_Oasis'),
		('CVS_IMPROVEMENT_CARAVANSERAI', 'CVS_Caravanserai_Resource');

INSERT INTO Adjacency_YieldChanges (ID, Description, YieldType, YieldChange, TilesRequired, AdjacentRiver, AdjacentFeature, AdjacentResource)
	VALUES
		('CVS_Caravanserai_River', 'Placeholder', 'YIELD_GOLD', 2, 1, 1, NULL, 0),
		('CVS_Caravanserai_Oasis', 'Placeholder', 'YIELD_GOLD', 2, 1, 0, 'FEATURE_OASIS', 0),
		('CVS_Caravanserai_Resource', 'Placeholder', 'YIELD_GOLD', 1, 1, 0, NULL, 1);

INSERT INTO Improvement_ValidFeatures (ImprovementType, FeatureType)
	VALUES
		('CVS_IMPROVEMENT_CARAVANSERAI', 'FEATURE_FLOODPLAINS');

INSERT INTO Improvement_ValidTerrains (ImprovementType, TerrainType)
	VALUES
		('CVS_IMPROVEMENT_CARAVANSERAI', 'TERRAIN_PLAINS'),
		('CVS_IMPROVEMENT_CARAVANSERAI', 'TERRAIN_PLAINS_HILLS'),
		('CVS_IMPROVEMENT_CARAVANSERAI', 'TERRAIN_GRASS'),
		('CVS_IMPROVEMENT_CARAVANSERAI', 'TERRAIN_GRASS_HILLS'),
		('CVS_IMPROVEMENT_CARAVANSERAI', 'TERRAIN_DESERT'),
		('CVS_IMPROVEMENT_CARAVANSERAI', 'TERRAIN_DESERT_HILLS'),
		('CVS_IMPROVEMENT_CARAVANSERAI', 'TERRAIN_TUNDRA'),
		('CVS_IMPROVEMENT_CARAVANSERAI', 'TERRAIN_TUNDRA_HILLS');

INSERT INTO Improvement_ValidBuildUnits (ImprovementType, UnitType)
	VALUES
		('CVS_IMPROVEMENT_CARAVANSERAI', 'UNIT_BUILDER');

INSERT INTO Improvement_YieldChanges (ImprovementType, YieldType, YieldChange)
	VALUES
		('CVS_IMPROVEMENT_CARAVANSERAI', 'YIELD_GOLD', 2),
		('CVS_IMPROVEMENT_CARAVANSERAI', 'YIELD_CULTURE', 0);

INSERT INTO Improvement_BonusYieldChanges (Id, ImprovementType, YieldType, BonusYieldChange, PrereqCivic)
	VALUES
		(150, 'CVS_IMPROVEMENT_CARAVANSERAI', 'YIELD_CULTURE', 1, 'CIVIC_CIVIL_ENGINEERING'),
		(151, 'CVS_IMPROVEMENT_CARAVANSERAI', 'YIELD_GOLD', 1, 'CIVIC_CAPITALISM');

--INSERT INTO THECRAZYSCOTSMAN_DEBUGGING (Document, Marker, Pass) SELECT 'CVS_Seljuq_Database', 'IMPROVEMENTS', 1;	
--=====
--UNITS
--=====		
INSERT INTO Tags (Tag, Vocabulary)
	VALUES
		('CVS_CLASS_SARBAZ', 'ABILITY_CLASS');
		
INSERT INTO TypeTags (Type, Tag)
	VALUES
		('CVS_UNIT_SARBAZ', 'CVS_CLASS_SARBAZ'),
		('CVS_UNIT_SARBAZ', 'CLASS_ANTI_CAVALRY'), 
		('CVS_ABILITY_SARBAZ_NO_MELEE_WEAKNESS', 'CVS_CLASS_SARBAZ'),
		('ABILITY_IGNORE_ZOC', 'CVS_CLASS_SARBAZ'); 

--ABILITIES
INSERT INTO UnitAbilities (UnitAbilityType, Name, Description)
	VALUES
		('CVS_ABILITY_SARBAZ_NO_MELEE_WEAKNESS', 'LOC_CVS_ABILITY_SARBAZ_NO_MELEE_WEAKNESS_NAME', 'LOC_CVS_ABILITY_SARBAZ_NO_MELEE_WEAKNESS_DESCRIPTION');

INSERT INTO UnitAbilityModifiers (UnitAbilityType, ModifierId)
	VALUES
		('CVS_ABILITY_SARBAZ_NO_MELEE_WEAKNESS', 'CVS_SARBAZ_NO_MELEE_WEAKNESS_MODIFIER');

INSERT INTO Modifiers (ModifierId, ModifierType, SubjectRequirementSetId)
	VALUES
		('CVS_SARBAZ_NO_MELEE_WEAKNESS_MODIFIER', 'MODIFIER_UNIT_ADJUST_COMBAT_STRENGTH', 'CVS_SARBAZ_MELEE_OPPONENT_REQUIREMENTSET');

INSERT INTO ModifierArguments (ModifierId, Name, Value)
	VALUES
		('CVS_SARBAZ_NO_MELEE_WEAKNESS_MODIFIER', 'Amount', 10);

INSERT INTO ModifierStrings (ModifierId, Context, Text)
	VALUES
		('CVS_SARBAZ_NO_MELEE_WEAKNESS_MODIFIER', 'Preview', 'LOC_CVS_ABILITY_SARBAZ_NO_MELEE_WEAKNESS_DESCRIPTION');

INSERT INTO RequirementSets (RequirementSetId, RequirementSetType)
	VALUES
		('CVS_SARBAZ_MELEE_OPPONENT_REQUIREMENTSET', 'REQUIREMENTSET_TEST_ALL');
		
INSERT INTO RequirementSetRequirements (RequirementSetId, RequirementId)
	VALUES
		('CVS_SARBAZ_MELEE_OPPONENT_REQUIREMENTSET', 'CVS_SARBAZ_REQUIRES_MELEE_OPPONENT');

INSERT INTO Requirements (RequirementId, RequirementType)
	VALUES
		('CVS_SARBAZ_REQUIRES_MELEE_OPPONENT', 'REQUIREMENT_OPPONENT_UNIT_PROMOTION_CLASS_MATCHES');

INSERT INTO RequirementArguments (RequirementId, Name, Value)
	VALUES
		('CVS_SARBAZ_REQUIRES_MELEE_OPPONENT', 'UnitPromotionClass', 'PROMOTION_CLASS_MELEE');

--UNIT INFO		
INSERT INTO UnitAiInfos (UnitType, AiType)
	VALUES
		('CVS_UNIT_SARBAZ', 'UNITAI_COMBAT'),
		('CVS_UNIT_SARBAZ', 'UNITAI_EXPLORE'),
		('CVS_UNIT_SARBAZ', 'UNITTYPE_MELEE'),
		('CVS_UNIT_SARBAZ', 'UNITTYPE_LAND_COMBAT');

INSERT INTO Units (UnitType, BaseMoves, Cost, AdvisorType, BaseSightRange, ZoneOfControl, Domain, FormationClass, Name, Description, PurchaseYield, PromotionClass, Maintenance, Combat, MandatoryObsoleteTech, PrereqCivic, TraitType)
	VALUES
		('CVS_UNIT_SARBAZ', 3, 180, 'ADVISOR_CONQUEST', 2, 1, 'DOMAIN_LAND', 'FORMATION_CLASS_LAND_COMBAT', 'LOC_CVS_UNIT_SARBAZ_NAME', 'LOC_CVS_UNIT_SARBAZ_DESCRIPTION', 'YIELD_GOLD', 'PROMOTION_CLASS_ANTI_CAVALRY', 1, 41, 'TECH_METAL_CASTING', 'CIVIC_FEUDALISM', 'CVS_TRAIT_CIVILIZATION_UNIT_SARBAZ');

INSERT INTO UnitReplaces (CivUniqueUnitType, ReplacesUnitType)
	VALUES
		('CVS_UNIT_SARBAZ', 'UNIT_PIKEMAN');		
		
INSERT INTO UnitUpgrades (Unit, UpgradeUnit)
	VALUES
		('CVS_UNIT_SARBAZ', 'UNIT_PIKE_AND_SHOT');

--INSERT INTO THECRAZYSCOTSMAN_DEBUGGING (Document, Marker, Pass) SELECT 'CVS_Seljuq_Database', 'UNITS', 1;
--==============
--CIVILIZATION INFO		
--==============
INSERT INTO CivilizationInfo (CivilizationType, Header, Caption, SortIndex)
	VALUES
		('CVS_CIVILIZATION_SELJUQ', 'LOC_CIVINFO_LOCATION', 'LOC_CIVINFO_CVS_SELJUQ_LOCATION', 10),
		('CVS_CIVILIZATION_SELJUQ', 'LOC_CIVINFO_SIZE', 'LOC_CIVINFO_CVS_SELJUQ_SIZE', 20),
		('CVS_CIVILIZATION_SELJUQ', 'LOC_CIVINFO_POPULATION', 'LOC_CIVINFO_CVS_SELJUQ_POPULATION', 30),
		('CVS_CIVILIZATION_SELJUQ', 'LOC_CIVINFO_CAPITAL', 'LOC_CIVINFO_CVS_SELJUQ_CAPITAL', 40);

--==========
--CITY NAMES
--==========		
INSERT INTO CityNames (CivilizationType, CityName)
    VALUES
        ('CVS_CIVILIZATION_SELJUQ', 'LOC_CITY_NAME_SC_ISFAHAN'),
		('CVS_CIVILIZATION_SELJUQ', 'LOC_CITY_NAME_SC_NISHAPUR'),
		('CVS_CIVILIZATION_SELJUQ', 'LOC_CITY_NAME_SC_MERV'),
		('CVS_CIVILIZATION_SELJUQ', 'LOC_CITY_NAME_SC_HAMADAN'),
		('CVS_CIVILIZATION_SELJUQ', 'LOC_CITY_NAME_SC_REY'),
		('CVS_CIVILIZATION_SELJUQ', 'LOC_CITY_NAME_BAGHDAD'),
		('CVS_CIVILIZATION_SELJUQ', 'LOC_CITY_NAME_SC_URGENCH'),
		('CVS_CIVILIZATION_SELJUQ', 'LOC_CITY_NAME_SC_BALKH'),
		('CVS_CIVILIZATION_SELJUQ', 'LOC_CITY_NAME_SC_KHIVA'),
		('CVS_CIVILIZATION_SELJUQ', 'LOC_CITY_NAME_SC_HERAT'),
		('CVS_CIVILIZATION_SELJUQ', 'LOC_CITY_NAME_SC_NUSAYBIN'),
		('CVS_CIVILIZATION_SELJUQ', 'LOC_CITY_NAME_SC_TUS'),
		('CVS_CIVILIZATION_SELJUQ', 'LOC_CITY_NAME_SC_YAZD'),
		('CVS_CIVILIZATION_SELJUQ', 'LOC_CITY_NAME_SC_SHIRAZ'),
		('CVS_CIVILIZATION_SELJUQ', 'LOC_CITY_NAME_SC_BASRA'),
		('CVS_CIVILIZATION_SELJUQ', 'LOC_CITY_NAME_SC_KERMANSHAH'),
		('CVS_CIVILIZATION_SELJUQ', 'LOC_CITY_NAME_SC_KERMAN'),
		('CVS_CIVILIZATION_SELJUQ', 'LOC_CITY_NAME_SC_KASHAN'),
		('CVS_CIVILIZATION_SELJUQ', 'LOC_CITY_NAME_DAMASCUS'),
		('CVS_CIVILIZATION_SELJUQ', 'LOC_CITY_NAME_SC_TERMEZ'),
		('CVS_CIVILIZATION_SELJUQ', 'LOC_CITY_NAME_SC_AMOL'),
		('CVS_CIVILIZATION_SELJUQ', 'LOC_CITY_NAME_SC_JAND'),
		('CVS_CIVILIZATION_SELJUQ', 'LOC_CITY_NAME_SC_VAN'),
		('CVS_CIVILIZATION_SELJUQ', 'LOC_CITY_NAME_ALEPPO'),
		('CVS_CIVILIZATION_SELJUQ', 'LOC_CITY_NAME_SC_KATH'),
		('CVS_CIVILIZATION_SELJUQ', 'LOC_CITY_NAME_SC_TUN'),
		('CVS_CIVILIZATION_SELJUQ', 'LOC_CITY_NAME_SC_URMIYE'),
		('CVS_CIVILIZATION_SELJUQ', 'LOC_CITY_NAME_HOMS'),
		('CVS_CIVILIZATION_SELJUQ', 'LOC_CITY_NAME_SC_QAZVIN'),
		('CVS_CIVILIZATION_SELJUQ', 'LOC_CITY_NAME_SC_MOSUL'),
		('CVS_CIVILIZATION_SELJUQ', 'LOC_CITY_NAME_SC_BORUJERD'),
		('CVS_CIVILIZATION_SELJUQ', 'LOC_CITY_NAME_SC_QOM'),
		('CVS_CIVILIZATION_SELJUQ', 'LOC_CITY_NAME_SC_HAZORASP'),
		('CVS_CIVILIZATION_SELJUQ', 'LOC_CITY_NAME_SC_ARBELA'),
		('CVS_CIVILIZATION_SELJUQ', 'LOC_CITY_NAME_SC_AHLAT'),
		('CVS_CIVILIZATION_SELJUQ', 'LOC_CITY_NAME_SC_AL_RAHBA'),
		('CVS_CIVILIZATION_SELJUQ', 'LOC_CITY_NAME_SC_MARDIN'),
		('CVS_CIVILIZATION_SELJUQ', 'LOC_CITY_NAME_SC_DAMGHAN'),
		('CVS_CIVILIZATION_SELJUQ', 'LOC_CITY_NAME_SC_RASHT'),
		('CVS_CIVILIZATION_SELJUQ', 'LOC_CITY_NAME_SC_DIYAR_BAKR'),
		('CVS_CIVILIZATION_SELJUQ', 'LOC_CITY_NAME_SC_KIRKUK'),
		('CVS_CIVILIZATION_SELJUQ', 'LOC_CITY_NAME_SC_GURGAN'),
		('CVS_CIVILIZATION_SELJUQ', 'LOC_CITY_NAME_SC_BEYHAGH'),
		('CVS_CIVILIZATION_SELJUQ', 'LOC_CITY_NAME_SC_KUFA'),
		('CVS_CIVILIZATION_SELJUQ', 'LOC_CITY_NAME_SC_SARAKHS'),
		('CVS_CIVILIZATION_SELJUQ', 'LOC_CITY_NAME_SC_PUSHANG'),
		('CVS_CIVILIZATION_SELJUQ', 'LOC_CITY_NAME_SC_NAJAF'),
		('CVS_CIVILIZATION_SELJUQ', 'LOC_CITY_NAME_SC_BAQUBAH'),
		('CVS_CIVILIZATION_SELJUQ', 'LOC_CITY_NAME_SC_SARI'),
		('CVS_CIVILIZATION_SELJUQ', 'LOC_CITY_NAME_PALMYRA'),
		('CVS_CIVILIZATION_SELJUQ', 'LOC_CITY_NAME_HAMA'),
		('CVS_CIVILIZATION_SELJUQ', 'LOC_CITY_NAME_SC_MASYAF');

--============
--CITIZEN NAMES
--============
INSERT INTO CivilizationCitizenNames (CivilizationType, CitizenName, Female, Modern)
	VALUES
		('CVS_CIVILIZATION_SELJUQ',  'LOC_CITIZEN_CVS_SELJUQ_MALE_1', 0, 0),
		('CVS_CIVILIZATION_SELJUQ',  'LOC_CITIZEN_CVS_SELJUQ_MALE_2', 0, 0),
		('CVS_CIVILIZATION_SELJUQ',  'LOC_CITIZEN_CVS_SELJUQ_MALE_3', 0, 0),
		('CVS_CIVILIZATION_SELJUQ',  'LOC_CITIZEN_CVS_SELJUQ_MALE_4', 0, 0),
		('CVS_CIVILIZATION_SELJUQ',  'LOC_CITIZEN_CVS_SELJUQ_MALE_5', 0, 0),
		('CVS_CIVILIZATION_SELJUQ',  'LOC_CITIZEN_CVS_SELJUQ_MALE_6', 0, 0),
		('CVS_CIVILIZATION_SELJUQ',  'LOC_CITIZEN_CVS_SELJUQ_MALE_7', 0, 0),
		('CVS_CIVILIZATION_SELJUQ',  'LOC_CITIZEN_CVS_SELJUQ_MALE_8', 0, 0),
		('CVS_CIVILIZATION_SELJUQ',  'LOC_CITIZEN_CVS_SELJUQ_MALE_9', 0, 0),
		('CVS_CIVILIZATION_SELJUQ',  'LOC_CITIZEN_CVS_SELJUQ_MALE_10', 0, 0),
		('CVS_CIVILIZATION_SELJUQ',  'LOC_CITIZEN_CVS_SELJUQ_FEMALE_1', 1, 0),
		('CVS_CIVILIZATION_SELJUQ',  'LOC_CITIZEN_CVS_SELJUQ_FEMALE_2', 1, 0),
		('CVS_CIVILIZATION_SELJUQ',  'LOC_CITIZEN_CVS_SELJUQ_FEMALE_3', 1, 0),
		('CVS_CIVILIZATION_SELJUQ',  'LOC_CITIZEN_CVS_SELJUQ_FEMALE_4', 1, 0),
		('CVS_CIVILIZATION_SELJUQ',  'LOC_CITIZEN_CVS_SELJUQ_FEMALE_5', 1, 0),
		('CVS_CIVILIZATION_SELJUQ',  'LOC_CITIZEN_CVS_SELJUQ_FEMALE_6', 1, 0),
		('CVS_CIVILIZATION_SELJUQ',  'LOC_CITIZEN_CVS_SELJUQ_FEMALE_7', 1, 0),
		('CVS_CIVILIZATION_SELJUQ',  'LOC_CITIZEN_CVS_SELJUQ_FEMALE_8', 1, 0),
		('CVS_CIVILIZATION_SELJUQ',  'LOC_CITIZEN_CVS_SELJUQ_FEMALE_9', 1, 0),
		('CVS_CIVILIZATION_SELJUQ',  'LOC_CITIZEN_CVS_SELJUQ_FEMALE_10', 1, 0),
		('CVS_CIVILIZATION_SELJUQ',  'LOC_CITIZEN_CVS_SELJUQ_MODERN_MALE_1', 0, 1),
		('CVS_CIVILIZATION_SELJUQ',  'LOC_CITIZEN_CVS_SELJUQ_MODERN_MALE_2', 0, 1),
		('CVS_CIVILIZATION_SELJUQ',  'LOC_CITIZEN_CVS_SELJUQ_MODERN_MALE_3', 0, 1),
		('CVS_CIVILIZATION_SELJUQ',  'LOC_CITIZEN_CVS_SELJUQ_MODERN_MALE_4', 0, 1),
		('CVS_CIVILIZATION_SELJUQ',  'LOC_CITIZEN_CVS_SELJUQ_MODERN_MALE_5', 0, 1),
		('CVS_CIVILIZATION_SELJUQ',  'LOC_CITIZEN_CVS_SELJUQ_MODERN_MALE_6', 0, 1),
		('CVS_CIVILIZATION_SELJUQ',  'LOC_CITIZEN_CVS_SELJUQ_MODERN_MALE_7', 0, 1),
		('CVS_CIVILIZATION_SELJUQ',  'LOC_CITIZEN_CVS_SELJUQ_MODERN_MALE_8', 0, 1),
		('CVS_CIVILIZATION_SELJUQ',  'LOC_CITIZEN_CVS_SELJUQ_MODERN_MALE_9', 0, 1),
		('CVS_CIVILIZATION_SELJUQ',  'LOC_CITIZEN_CVS_SELJUQ_MODERN_MALE_10', 0, 1),
		('CVS_CIVILIZATION_SELJUQ',  'LOC_CITIZEN_CVS_SELJUQ_MODERN_FEMALE_1', 1, 1),
		('CVS_CIVILIZATION_SELJUQ',  'LOC_CITIZEN_CVS_SELJUQ_MODERN_FEMALE_2', 1, 1),
		('CVS_CIVILIZATION_SELJUQ',  'LOC_CITIZEN_CVS_SELJUQ_MODERN_FEMALE_3', 1, 1),
		('CVS_CIVILIZATION_SELJUQ',  'LOC_CITIZEN_CVS_SELJUQ_MODERN_FEMALE_4', 1, 1),
		('CVS_CIVILIZATION_SELJUQ',  'LOC_CITIZEN_CVS_SELJUQ_MODERN_FEMALE_5', 1, 1),
		('CVS_CIVILIZATION_SELJUQ',  'LOC_CITIZEN_CVS_SELJUQ_MODERN_FEMALE_6', 1, 1),
		('CVS_CIVILIZATION_SELJUQ',  'LOC_CITIZEN_CVS_SELJUQ_MODERN_FEMALE_7', 1, 1),
		('CVS_CIVILIZATION_SELJUQ',  'LOC_CITIZEN_CVS_SELJUQ_MODERN_FEMALE_8', 1, 1),
		('CVS_CIVILIZATION_SELJUQ',  'LOC_CITIZEN_CVS_SELJUQ_MODERN_FEMALE_9', 1, 1),
		('CVS_CIVILIZATION_SELJUQ',  'LOC_CITIZEN_CVS_SELJUQ_MODERN_FEMALE_10', 1, 1);

--======
--TRAITS
--======
INSERT INTO Traits (TraitType, Name, Description)
	VALUES
		('CVS_TRAIT_CIVILIZATION_SIYASATNAMA', 'LOC_CVS_TRAIT_CIVILIZATION_SIYASATNAMA_NAME', 'LOC_CVS_TRAIT_CIVILIZATION_SIYASATNAMA_DESCRIPTION'),
		('CVS_TRAIT_CIVILIZATION_IMPROVEMENT_CARAVANSERAI', 'LOC_CVS_TRAIT_CIVILIZATION_IMPROVEMENT_CARAVANSERAI_NAME', 'LOC_CVS_TRAIT_CIVILIZATION_IMPROVEMENT_CARAVANSERAI_DESCRIPTION'),
		('CVS_TRAIT_CIVILIZATION_UNIT_SARBAZ', 'LOC_CVS_TRAIT_CIVILIZATION_UNIT_SARBAZ_NAME', 'LOC_CVS_TRAIT_CIVILIZATION_UNIT_SARBAZ_DESCRIPTION');

--================
--CIVILIZATION TRAITS
--================
INSERT INTO CivilizationTraits (CivilizationType, TraitType)
	VALUES
		('CVS_CIVILIZATION_SELJUQ', 'CVS_TRAIT_CIVILIZATION_SIYASATNAMA'),
		('CVS_CIVILIZATION_SELJUQ', 'CVS_TRAIT_CIVILIZATION_IMPROVEMENT_CARAVANSERAI'),
		('CVS_CIVILIZATION_SELJUQ', 'CVS_TRAIT_CIVILIZATION_UNIT_SARBAZ');

--===============
--TRAIT MODIFIERS
--===============

INSERT INTO TraitModifiers (TraitType, ModifierId)
	VALUES
		('CVS_TRAIT_CIVILIZATION_SIYASATNAMA', 'CVS_SELJUQ_TITLE_FROM_CLASSICAL_GOLDEN_AGE'),
		('CVS_TRAIT_CIVILIZATION_SIYASATNAMA', 'CVS_SELJUQ_TITLE_FROM_MEDIEVAL_GOLDEN_AGE'),
		('CVS_TRAIT_CIVILIZATION_SIYASATNAMA', 'CVS_SELJUQ_TITLE_FROM_RENAISSANCE_GOLDEN_AGE'),
		('CVS_TRAIT_CIVILIZATION_SIYASATNAMA', 'CVS_SELJUQ_TITLE_FROM_INDUSTRIAL_GOLDEN_AGE'),
		('CVS_TRAIT_CIVILIZATION_SIYASATNAMA', 'CVS_SELJUQ_TITLE_FROM_MODERN_GOLDEN_AGE'),
		('CVS_TRAIT_CIVILIZATION_SIYASATNAMA', 'CVS_SELJUQ_TITLE_FROM_ATOMIC_GOLDEN_AGE'),
		('CVS_TRAIT_CIVILIZATION_SIYASATNAMA', 'CVS_SELJUQ_TITLE_FROM_INFORMATION_GOLDEN_AGE');

--=========
--MODIFIERS
--=========
INSERT INTO Modifiers (ModifierId, ModifierType, OwnerRequirementSetId, SubjectRequirementSetId, RunOnce, Permanent)	
	VALUES
		('CVS_SELJUQ_TITLE_FROM_CLASSICAL_GOLDEN_AGE', 'MODIFIER_PLAYER_ADJUST_GOVERNOR_POINTS', NULL, 'CVS_SELJUQ_PLAYER_IN_CLASSICAL_GOLDEN_AGE_REQUIREMENTSET', 1, 1),
		('CVS_SELJUQ_TITLE_FROM_MEDIEVAL_GOLDEN_AGE', 'MODIFIER_PLAYER_ADJUST_GOVERNOR_POINTS', NULL, 'CVS_SELJUQ_PLAYER_IN_MEDIEVAL_GOLDEN_AGE_REQUIREMENTSET', 1, 1),
		('CVS_SELJUQ_TITLE_FROM_RENAISSANCE_GOLDEN_AGE', 'MODIFIER_PLAYER_ADJUST_GOVERNOR_POINTS', NULL, 'CVS_SELJUQ_PLAYER_IN_RENAISSANCE_GOLDEN_AGE_REQUIREMENTSET', 1, 1),
		('CVS_SELJUQ_TITLE_FROM_INDUSTRIAL_GOLDEN_AGE', 'MODIFIER_PLAYER_ADJUST_GOVERNOR_POINTS', NULL, 'CVS_SELJUQ_PLAYER_IN_INDUSTRIAL_GOLDEN_AGE_REQUIREMENTSET', 1, 1),
		('CVS_SELJUQ_TITLE_FROM_MODERN_GOLDEN_AGE', 'MODIFIER_PLAYER_ADJUST_GOVERNOR_POINTS', NULL, 'CVS_SELJUQ_PLAYER_IN_MODERN_GOLDEN_AGE_REQUIREMENTSET', 1, 1),
		('CVS_SELJUQ_TITLE_FROM_ATOMIC_GOLDEN_AGE', 'MODIFIER_PLAYER_ADJUST_GOVERNOR_POINTS', NULL, 'CVS_SELJUQ_PLAYER_IN_ATOMIC_GOLDEN_AGE_REQUIREMENTSET', 1, 1),
		('CVS_SELJUQ_TITLE_FROM_INFORMATION_GOLDEN_AGE', 'MODIFIER_PLAYER_ADJUST_GOVERNOR_POINTS', NULL, 'CVS_SELJUQ_PLAYER_IN_INFORMATION_GOLDEN_AGE_REQUIREMENTSET', 1, 1);
		
INSERT INTO ModifierArguments (ModifierId, Name, Value)
	VALUES
		('CVS_SELJUQ_TITLE_FROM_CLASSICAL_GOLDEN_AGE', 'Delta', 1),
		('CVS_SELJUQ_TITLE_FROM_MEDIEVAL_GOLDEN_AGE', 'Delta', 1),
		('CVS_SELJUQ_TITLE_FROM_RENAISSANCE_GOLDEN_AGE', 'Delta', 1),
		('CVS_SELJUQ_TITLE_FROM_INDUSTRIAL_GOLDEN_AGE', 'Delta', 1),
		('CVS_SELJUQ_TITLE_FROM_MODERN_GOLDEN_AGE', 'Delta', 1),
		('CVS_SELJUQ_TITLE_FROM_ATOMIC_GOLDEN_AGE', 'Delta', 1),
		('CVS_SELJUQ_TITLE_FROM_INFORMATION_GOLDEN_AGE', 'Delta', 1);

INSERT INTO RequirementSets (RequirementSetId, RequirementSetType)
	VALUES
		('CVS_SELJUQ_PLAYER_IN_CLASSICAL_GOLDEN_AGE_REQUIREMENTSET', 'REQUIREMENTSET_TEST_ALL'),
		('CVS_SELJUQ_PLAYER_IN_MEDIEVAL_GOLDEN_AGE_REQUIREMENTSET', 'REQUIREMENTSET_TEST_ALL'),
		('CVS_SELJUQ_PLAYER_IN_RENAISSANCE_GOLDEN_AGE_REQUIREMENTSET', 'REQUIREMENTSET_TEST_ALL'),
		('CVS_SELJUQ_PLAYER_IN_INDUSTRIAL_GOLDEN_AGE_REQUIREMENTSET', 'REQUIREMENTSET_TEST_ALL'),
		('CVS_SELJUQ_PLAYER_IN_MODERN_GOLDEN_AGE_REQUIREMENTSET', 'REQUIREMENTSET_TEST_ALL'),
		('CVS_SELJUQ_PLAYER_IN_ATOMIC_GOLDEN_AGE_REQUIREMENTSET', 'REQUIREMENTSET_TEST_ALL'),
		('CVS_SELJUQ_PLAYER_IN_INFORMATION_GOLDEN_AGE_REQUIREMENTSET', 'REQUIREMENTSET_TEST_ALL');
		
INSERT INTO RequirementSetRequirements (RequirementSetId, RequirementId)
	VALUES
		('CVS_SELJUQ_PLAYER_IN_CLASSICAL_GOLDEN_AGE_REQUIREMENTSET', 'CVS_SELJUQ_REQUIRES_GOLDEN_AGE'),
		('CVS_SELJUQ_PLAYER_IN_CLASSICAL_GOLDEN_AGE_REQUIREMENTSET', 'CVS_SELJUQ_REQUIRES_CLASSICAL_ERA'),
		('CVS_SELJUQ_PLAYER_IN_MEDIEVAL_GOLDEN_AGE_REQUIREMENTSET', 'CVS_SELJUQ_REQUIRES_GOLDEN_AGE'),
		('CVS_SELJUQ_PLAYER_IN_MEDIEVAL_GOLDEN_AGE_REQUIREMENTSET', 'CVS_SELJUQ_REQUIRES_MEDIEVAL_ERA'),
		('CVS_SELJUQ_PLAYER_IN_RENAISSANCE_GOLDEN_AGE_REQUIREMENTSET', 'CVS_SELJUQ_REQUIRES_GOLDEN_AGE'),
		('CVS_SELJUQ_PLAYER_IN_RENAISSANCE_GOLDEN_AGE_REQUIREMENTSET', 'CVS_SELJUQ_REQUIRES_RENAISSANCE_ERA'),
		('CVS_SELJUQ_PLAYER_IN_INDUSTRIAL_GOLDEN_AGE_REQUIREMENTSET', 'CVS_SELJUQ_REQUIRES_GOLDEN_AGE'),
		('CVS_SELJUQ_PLAYER_IN_INDUSTRIAL_GOLDEN_AGE_REQUIREMENTSET', 'CVS_SELJUQ_REQUIRES_INDUSTRIAL_ERA'),
		('CVS_SELJUQ_PLAYER_IN_MODERN_GOLDEN_AGE_REQUIREMENTSET', 'CVS_SELJUQ_REQUIRES_GOLDEN_AGE'),
		('CVS_SELJUQ_PLAYER_IN_MODERN_GOLDEN_AGE_REQUIREMENTSET', 'CVS_SELJUQ_REQUIRES_MODERN_ERA'),
		('CVS_SELJUQ_PLAYER_IN_ATOMIC_GOLDEN_AGE_REQUIREMENTSET', 'CVS_SELJUQ_REQUIRES_GOLDEN_AGE'),
		('CVS_SELJUQ_PLAYER_IN_ATOMIC_GOLDEN_AGE_REQUIREMENTSET', 'CVS_SELJUQ_REQUIRES_ATOMIC_ERA'),
		('CVS_SELJUQ_PLAYER_IN_INFORMATION_GOLDEN_AGE_REQUIREMENTSET', 'CVS_SELJUQ_REQUIRES_GOLDEN_AGE'),
		('CVS_SELJUQ_PLAYER_IN_INFORMATION_GOLDEN_AGE_REQUIREMENTSET', 'CVS_SELJUQ_REQUIRES_INFORMATION_ERA');

INSERT INTO Requirements (RequirementId, RequirementType)
	VALUES
		('CVS_SELJUQ_REQUIRES_GOLDEN_AGE', 'REQUIREMENT_PLAYER_HAS_GOLDEN_AGE'),
		('CVS_SELJUQ_REQUIRES_CLASSICAL_ERA', 'REQUIREMENT_GAME_ERA_IS'),
		('CVS_SELJUQ_REQUIRES_MEDIEVAL_ERA', 'REQUIREMENT_GAME_ERA_IS'),
		('CVS_SELJUQ_REQUIRES_RENAISSANCE_ERA', 'REQUIREMENT_GAME_ERA_IS'),
		('CVS_SELJUQ_REQUIRES_INDUSTRIAL_ERA', 'REQUIREMENT_GAME_ERA_IS'),
		('CVS_SELJUQ_REQUIRES_MODERN_ERA', 'REQUIREMENT_GAME_ERA_IS'),
		('CVS_SELJUQ_REQUIRES_ATOMIC_ERA', 'REQUIREMENT_GAME_ERA_IS'),
		('CVS_SELJUQ_REQUIRES_INFORMATION_ERA', 'REQUIREMENT_GAME_ERA_IS');

INSERT INTO RequirementArguments (RequirementId, Name, Value)
	VALUES
		('CVS_SELJUQ_REQUIRES_CLASSICAL_ERA', 'EraType', 'ERA_CLASSICAL'),
		('CVS_SELJUQ_REQUIRES_MEDIEVAL_ERA', 'EraType', 'ERA_MEDIEVAL'),
		('CVS_SELJUQ_REQUIRES_RENAISSANCE_ERA', 'EraType', 'ERA_RENAISSANCE'),
		('CVS_SELJUQ_REQUIRES_INDUSTRIAL_ERA', 'EraType', 'ERA_INDUSTRIAL'),
		('CVS_SELJUQ_REQUIRES_MODERN_ERA', 'EraType', 'ERA_MODERN'),
		('CVS_SELJUQ_REQUIRES_ATOMIC_ERA', 'EraType', 'ERA_ATOMIC'),
		('CVS_SELJUQ_REQUIRES_INFORMATION_ERA', 'EraType', 'ERA_INFORMATION');

--=======
--MOMENTS
--=======
INSERT INTO MomentIllustrations (MomentIllustrationType, MomentDataType, GameDataType, Texture)
	VALUES
		('MOMENT_ILLUSTRATION_UNIQUE_UNIT', 'MOMENT_DATA_UNIT', 'CVS_UNIT_SARBAZ', 'Sarbaz_HM_2.dds'),
		('MOMENT_ILLUSTRATION_UNIQUE_IMPROVEMENT', 'MOMENT_DATA_IMPROVEMENT', 'CVS_IMPROVEMENT_CARAVANSERAI', 'Caravanserai_HM.dds');
		
--============
--START BIASES
--============
INSERT INTO StartBiasRivers (CivilizationType, Tier)
	VALUES
		('CVS_CIVILIZATION_SELJUQ', 1);

INSERT INTO StartBiasTerrains (CivilizationType, TerrainType, Tier)
	VALUES
		('CVS_CIVILIZATION_SELJUQ', 'TERRAIN_GRASS_HILLS', 2),
		('CVS_CIVILIZATION_SELJUQ', 'TERRAIN_PLAINS_HILLS', 2),
		('CVS_CIVILIZATION_SELJUQ', 'TERRAIN_GRASS', 5),
		('CVS_CIVILIZATION_SELJUQ', 'TERRAIN_PLAINS', 5);

INSERT INTO StartBiasFeatures (CivilizationType, FeatureType, Tier)
	VALUES
		('CVS_CIVILIZATION_SELJUQ', 'FEATURE_FLOODPLAINS', 3);

INSERT INTO StartBiasResources (CivilizationType, ResourceType, Tier)
	VALUES
		('CVS_CIVILIZATION_SELJUQ', 'RESOURCE_HORSES', 4);

INSERT INTO THECRAZYSCOTSMAN_DEBUGGING (Document, Marker, Pass) SELECT 'CVS_Seljuq_Database', 'END', 1;