/*
	UA
	Authors: SeelingCat
*/

-----------------------------------------------
-- Types
-----------------------------------------------

INSERT INTO	Types
		(Type,							Kind			)
VALUES	('TRAIT_LEADER_CVS_DIHYA_UA',	'KIND_TRAIT'	);

-----------------------------------------------
-- Traits
-- No Changes Required
-----------------------------------------------

INSERT INTO	Traits
		(TraitType,						Name,									Description									)
VALUES	('TRAIT_LEADER_CVS_DIHYA_UA',	'LOC_TRAIT_LEADER_CVS_DIHYA_UA_NAME',	'LOC_TRAIT_LEADER_CVS_DIHYA_UA_DESCRIPTION'	);
		
-----------------------------------------------
-- LeaderTraits
-- No Changes Required
-----------------------------------------------

INSERT INTO	LeaderTraits
		(LeaderType,			TraitType					)
VALUES	('LEADER_CVS_DIHYA',	'TRAIT_LEADER_CVS_DIHYA_UA'	);

-----------------------------------------------
-- TraitModifiers
-----------------------------------------------

INSERT INTO	TraitModifiers
		(TraitType,						ModifierId												)	
VALUES	('TRAIT_LEADER_CVS_DIHYA_UA',	'MODIFIER_CVS_DIHYA_GRANT_COMBAT_BONUS_FRIENDLY_DESERT'	),
		('TRAIT_LEADER_CVS_DIHYA_UA',	'MODIFIER_CVS_DIHYA_WAR_PRODUCTION_GRANT_1'				),
		('TRAIT_LEADER_CVS_DIHYA_UA',	'MODIFIER_CVS_DIHYA_WAR_PRODUCTION_GRANT_2'				),
		('TRAIT_LEADER_CVS_DIHYA_UA',	'MODIFIER_CVS_DIHYA_WAR_PRODUCTION_GRANT_3'				),
		('TRAIT_LEADER_CVS_DIHYA_UA',	'MODIFIER_CVS_DIHYA_WAR_PRODUCTION_GRANT_4'				),
		('TRAIT_LEADER_CVS_DIHYA_UA',	'MODIFIER_CVS_DIHYA_WAR_PRODUCTION_GRANT_5'				),
		('TRAIT_LEADER_CVS_DIHYA_UA',	'MODIFIER_CVS_DIHYA_WAR_PRODUCTION_GRANT_6'				),
		('TRAIT_LEADER_CVS_DIHYA_UA',	'MODIFIER_CVS_DIHYA_WAR_PRODUCTION_GRANT_7'				),
		('TRAIT_LEADER_CVS_DIHYA_UA',	'MODIFIER_CVS_DIHYA_WAR_PRODUCTION_GRANT_8'				),
		('TRAIT_LEADER_CVS_DIHYA_UA',	'MODIFIER_CVS_DIHYA_WAR_PRODUCTION_GRANT_9'				),
		('TRAIT_LEADER_CVS_DIHYA_UA',	'MODIFIER_CVS_DIHYA_WAR_PRODUCTION_GRANT_10'			);

-----------------------------------------------
-- Modifiers
-----------------------------------------------

INSERT INTO	Modifiers
		(ModifierId,													ModifierType,												SubjectRequirementSetId							)
VALUES	('MODIFIER_CVS_DIHYA_GRANT_COMBAT_BONUS_FRIENDLY_DESERT',		'MODIFIER_PLAYER_UNITS_ATTACH_MODIFIER',					NULL											),
		('MODIFIER_CVS_DIHYA_COMBAT_BONUS_FRIENDLY_DESERT',				'MODIFIER_UNIT_ADJUST_COMBAT_STRENGTH',						'REQSET_CVS_DIHYA_UNIT_IS_IN_FRIENDLY_DESERT'	),
		('MODIFIER_CVS_DIHYA_WAR_PRODUCTION_GRANT_1',					'MODIFIER_PLAYER_CITIES_ATTACH_MODIFIER',					NULL											),
		('MODIFIER_CVS_DIHYA_WAR_PRODUCTION_GRANT_2',					'MODIFIER_PLAYER_CITIES_ATTACH_MODIFIER',					NULL											),
		('MODIFIER_CVS_DIHYA_WAR_PRODUCTION_GRANT_3',					'MODIFIER_PLAYER_CITIES_ATTACH_MODIFIER',					NULL											),
		('MODIFIER_CVS_DIHYA_WAR_PRODUCTION_GRANT_4',					'MODIFIER_PLAYER_CITIES_ATTACH_MODIFIER',					NULL											),
		('MODIFIER_CVS_DIHYA_WAR_PRODUCTION_GRANT_5',					'MODIFIER_PLAYER_CITIES_ATTACH_MODIFIER',					NULL											),
		('MODIFIER_CVS_DIHYA_WAR_PRODUCTION_GRANT_6',					'MODIFIER_PLAYER_CITIES_ATTACH_MODIFIER',					NULL											),
		('MODIFIER_CVS_DIHYA_WAR_PRODUCTION_GRANT_7',					'MODIFIER_PLAYER_CITIES_ATTACH_MODIFIER',					NULL											),
		('MODIFIER_CVS_DIHYA_WAR_PRODUCTION_GRANT_8',					'MODIFIER_PLAYER_CITIES_ATTACH_MODIFIER',					NULL											),
		('MODIFIER_CVS_DIHYA_WAR_PRODUCTION_GRANT_9',					'MODIFIER_PLAYER_CITIES_ATTACH_MODIFIER',					NULL											),
		('MODIFIER_CVS_DIHYA_WAR_PRODUCTION_GRANT_10',					'MODIFIER_PLAYER_CITIES_ATTACH_MODIFIER',					NULL											),
		('MODIFIER_CVS_DIHYA_WAR_PRODUCTION_MOUNTAINS_1',				'MODIFIER_SINGLE_CITY_ADJUST_CITY_YIELD_MODIFIER',			'REQSET_CVS_DIHYA_CITY_HAS_1_MOUNTAIN'			),
		('MODIFIER_CVS_DIHYA_WAR_PRODUCTION_MOUNTAINS_2',				'MODIFIER_SINGLE_CITY_ADJUST_CITY_YIELD_MODIFIER',			'REQSET_CVS_DIHYA_CITY_HAS_2_MOUNTAIN'			),
		('MODIFIER_CVS_DIHYA_WAR_PRODUCTION_MOUNTAINS_3',				'MODIFIER_SINGLE_CITY_ADJUST_CITY_YIELD_MODIFIER',			'REQSET_CVS_DIHYA_CITY_HAS_3_MOUNTAIN'			),
		('MODIFIER_CVS_DIHYA_WAR_PRODUCTION_MOUNTAINS_4',				'MODIFIER_SINGLE_CITY_ADJUST_CITY_YIELD_MODIFIER',			'REQSET_CVS_DIHYA_CITY_HAS_4_MOUNTAIN'			),
		('MODIFIER_CVS_DIHYA_WAR_PRODUCTION_MOUNTAINS_5',				'MODIFIER_SINGLE_CITY_ADJUST_CITY_YIELD_MODIFIER',			'REQSET_CVS_DIHYA_CITY_HAS_5_MOUNTAIN'			),
		('MODIFIER_CVS_DIHYA_WAR_PRODUCTION_MOUNTAINS_6',				'MODIFIER_SINGLE_CITY_ADJUST_CITY_YIELD_MODIFIER',			'REQSET_CVS_DIHYA_CITY_HAS_6_MOUNTAIN'			),
		('MODIFIER_CVS_DIHYA_WAR_PRODUCTION_MOUNTAINS_7',				'MODIFIER_SINGLE_CITY_ADJUST_CITY_YIELD_MODIFIER',			'REQSET_CVS_DIHYA_CITY_HAS_7_MOUNTAIN'			),
		('MODIFIER_CVS_DIHYA_WAR_PRODUCTION_MOUNTAINS_8',				'MODIFIER_SINGLE_CITY_ADJUST_CITY_YIELD_MODIFIER',			'REQSET_CVS_DIHYA_CITY_HAS_8_MOUNTAIN'			),
		('MODIFIER_CVS_DIHYA_WAR_PRODUCTION_MOUNTAINS_9',				'MODIFIER_SINGLE_CITY_ADJUST_CITY_YIELD_MODIFIER',			'REQSET_CVS_DIHYA_CITY_HAS_9_MOUNTAIN'			),
		('MODIFIER_CVS_DIHYA_WAR_PRODUCTION_MOUNTAINS_10',				'MODIFIER_SINGLE_CITY_ADJUST_CITY_YIELD_MODIFIER',			'REQSET_CVS_DIHYA_CITY_HAS_10_MOUNTAIN'			);

-----------------------------------------------
-- ModifierArguments
-----------------------------------------------

INSERT INTO	ModifierArguments
		(ModifierId,													Name,					Value														)
VALUES	('MODIFIER_CVS_DIHYA_GRANT_COMBAT_BONUS_FRIENDLY_DESERT',		'ModifierId',			'MODIFIER_CVS_DIHYA_COMBAT_BONUS_FRIENDLY_DESERT'			),
		('MODIFIER_CVS_DIHYA_COMBAT_BONUS_FRIENDLY_DESERT',				'Amount',				7															),

		('MODIFIER_CVS_DIHYA_WAR_PRODUCTION_GRANT_1',					'ModifierId',			'MODIFIER_CVS_DIHYA_WAR_PRODUCTION_MOUNTAINS_1'				),
		('MODIFIER_CVS_DIHYA_WAR_PRODUCTION_GRANT_2',					'ModifierId',			'MODIFIER_CVS_DIHYA_WAR_PRODUCTION_MOUNTAINS_2'				),
		('MODIFIER_CVS_DIHYA_WAR_PRODUCTION_GRANT_3',					'ModifierId',			'MODIFIER_CVS_DIHYA_WAR_PRODUCTION_MOUNTAINS_3'				),
		('MODIFIER_CVS_DIHYA_WAR_PRODUCTION_GRANT_4',					'ModifierId',			'MODIFIER_CVS_DIHYA_WAR_PRODUCTION_MOUNTAINS_4'				),
		('MODIFIER_CVS_DIHYA_WAR_PRODUCTION_GRANT_5',					'ModifierId',			'MODIFIER_CVS_DIHYA_WAR_PRODUCTION_MOUNTAINS_5'				),
		('MODIFIER_CVS_DIHYA_WAR_PRODUCTION_GRANT_6',					'ModifierId',			'MODIFIER_CVS_DIHYA_WAR_PRODUCTION_MOUNTAINS_6'				),
		('MODIFIER_CVS_DIHYA_WAR_PRODUCTION_GRANT_7',					'ModifierId',			'MODIFIER_CVS_DIHYA_WAR_PRODUCTION_MOUNTAINS_7'				),
		('MODIFIER_CVS_DIHYA_WAR_PRODUCTION_GRANT_8',					'ModifierId',			'MODIFIER_CVS_DIHYA_WAR_PRODUCTION_MOUNTAINS_8'				),
		('MODIFIER_CVS_DIHYA_WAR_PRODUCTION_GRANT_9',					'ModifierId',			'MODIFIER_CVS_DIHYA_WAR_PRODUCTION_MOUNTAINS_9'				),
		('MODIFIER_CVS_DIHYA_WAR_PRODUCTION_GRANT_10',					'ModifierId',			'MODIFIER_CVS_DIHYA_WAR_PRODUCTION_MOUNTAINS_10'			),

		('MODIFIER_CVS_DIHYA_WAR_PRODUCTION_MOUNTAINS_1',				'YieldType',			'YIELD_PRODUCTION'											),
		('MODIFIER_CVS_DIHYA_WAR_PRODUCTION_MOUNTAINS_1',				'Amount',				5															),
		('MODIFIER_CVS_DIHYA_WAR_PRODUCTION_MOUNTAINS_2',				'YieldType',			'YIELD_PRODUCTION'											),
		('MODIFIER_CVS_DIHYA_WAR_PRODUCTION_MOUNTAINS_2',				'Amount',				10															),
		('MODIFIER_CVS_DIHYA_WAR_PRODUCTION_MOUNTAINS_3',				'YieldType',			'YIELD_PRODUCTION'											),
		('MODIFIER_CVS_DIHYA_WAR_PRODUCTION_MOUNTAINS_3',				'Amount',				15															),
		('MODIFIER_CVS_DIHYA_WAR_PRODUCTION_MOUNTAINS_4',				'YieldType',			'YIELD_PRODUCTION'											),
		('MODIFIER_CVS_DIHYA_WAR_PRODUCTION_MOUNTAINS_4',				'Amount',				20															),
		('MODIFIER_CVS_DIHYA_WAR_PRODUCTION_MOUNTAINS_5',				'YieldType',			'YIELD_PRODUCTION'											),
		('MODIFIER_CVS_DIHYA_WAR_PRODUCTION_MOUNTAINS_5',				'Amount',				25															),
		('MODIFIER_CVS_DIHYA_WAR_PRODUCTION_MOUNTAINS_6',				'YieldType',			'YIELD_PRODUCTION'											),
		('MODIFIER_CVS_DIHYA_WAR_PRODUCTION_MOUNTAINS_6',				'Amount',				30															),
		('MODIFIER_CVS_DIHYA_WAR_PRODUCTION_MOUNTAINS_7',				'YieldType',			'YIELD_PRODUCTION'											),
		('MODIFIER_CVS_DIHYA_WAR_PRODUCTION_MOUNTAINS_7',				'Amount',				35															),
		('MODIFIER_CVS_DIHYA_WAR_PRODUCTION_MOUNTAINS_8',				'YieldType',			'YIELD_PRODUCTION'											),
		('MODIFIER_CVS_DIHYA_WAR_PRODUCTION_MOUNTAINS_8',				'Amount',				40															),
		('MODIFIER_CVS_DIHYA_WAR_PRODUCTION_MOUNTAINS_9',				'YieldType',			'YIELD_PRODUCTION'											),
		('MODIFIER_CVS_DIHYA_WAR_PRODUCTION_MOUNTAINS_9',				'Amount',				45															),
		('MODIFIER_CVS_DIHYA_WAR_PRODUCTION_MOUNTAINS_10',				'YieldType',			'YIELD_PRODUCTION'											),
		('MODIFIER_CVS_DIHYA_WAR_PRODUCTION_MOUNTAINS_10',				'Amount',				50															);

-----------------------------------------------
-- RequirementSets
-----------------------------------------------

INSERT INTO RequirementSets
		(RequirementSetId,									RequirementSetType			)
VALUES	('REQSET_CVS_DIHYA_UNIT_IS_IN_FRIENDLY_DESERT',		'REQUIREMENTSET_TEST_ALL'	),
		('REQSET_CVS_DIHYA_UNIT_ON_DESERT',					'REQUIREMENTSET_TEST_ANY'	),
		('REQSET_CVS_DIHYA_CIV_IS_AT_WAR',					'REQUIREMENTSET_TEST_ALL'	),

		('REQSET_CVS_DIHYA_PLOT_IS_MOUNTAIN',				'REQUIREMENTSET_TEST_ANY'	),

		('REQSET_CVS_DIHYA_CITY_HAS_1_MOUNTAIN',			'REQUIREMENTSET_TEST_ALL'	),
		('REQSET_CVS_DIHYA_CITY_HAS_2_MOUNTAIN',			'REQUIREMENTSET_TEST_ALL'	),
		('REQSET_CVS_DIHYA_CITY_HAS_3_MOUNTAIN',			'REQUIREMENTSET_TEST_ALL'	),
		('REQSET_CVS_DIHYA_CITY_HAS_4_MOUNTAIN',			'REQUIREMENTSET_TEST_ALL'	),
		('REQSET_CVS_DIHYA_CITY_HAS_5_MOUNTAIN',			'REQUIREMENTSET_TEST_ALL'	),
		('REQSET_CVS_DIHYA_CITY_HAS_6_MOUNTAIN',			'REQUIREMENTSET_TEST_ALL'	),
		('REQSET_CVS_DIHYA_CITY_HAS_7_MOUNTAIN',			'REQUIREMENTSET_TEST_ALL'	),
		('REQSET_CVS_DIHYA_CITY_HAS_8_MOUNTAIN',			'REQUIREMENTSET_TEST_ALL'	),
		('REQSET_CVS_DIHYA_CITY_HAS_9_MOUNTAIN',			'REQUIREMENTSET_TEST_ALL'	),
		('REQSET_CVS_DIHYA_CITY_HAS_10_MOUNTAIN',			'REQUIREMENTSET_TEST_ALL'	);

-----------------------------------------------
-- RequirementSetRequirements
-----------------------------------------------

INSERT INTO RequirementSetRequirements
		(RequirementSetId,									RequirementId								)
VALUES	('REQSET_CVS_DIHYA_UNIT_IS_IN_FRIENDLY_DESERT',		'REQ_CVS_DIHYA_UA_UNIT_ON_DESERT'			),
		('REQSET_CVS_DIHYA_UNIT_IS_IN_FRIENDLY_DESERT',		'REQ_CVS_DIHYA_UA_UNIT_IN_OWNED'			),
		('REQSET_CVS_DIHYA_UNIT_ON_DESERT',					'REQ_CVS_DIHYA_UA_UNIT_FLAT_DESERT'			),
		('REQSET_CVS_DIHYA_UNIT_ON_DESERT',					'REQ_CVS_DIHYA_UA_UNIT_HILL_DESERT'			),

		('REQSET_CVS_DIHYA_PLOT_IS_MOUNTAIN',				'REQ_CVS_DIHYA_UA_PLOT_IS_DESERT_MOUNTAIN'	),
		('REQSET_CVS_DIHYA_PLOT_IS_MOUNTAIN',				'REQ_CVS_DIHYA_UA_PLOT_IS_PLAINS_MOUNTAIN'	),
		('REQSET_CVS_DIHYA_PLOT_IS_MOUNTAIN',				'REQ_CVS_DIHYA_UA_PLOT_IS_SNOW_MOUNTAIN'	),
		('REQSET_CVS_DIHYA_PLOT_IS_MOUNTAIN',				'REQ_CVS_DIHYA_UA_PLOT_IS_TUNDRA_MOUNTAIN'	),
		('REQSET_CVS_DIHYA_PLOT_IS_MOUNTAIN',				'REQ_CVS_DIHYA_UA_PLOT_IS_GRASS_MOUNTAIN'	),

		('REQSET_CVS_DIHYA_CITY_HAS_1_MOUNTAIN',			'REQ_CVS_DIHYA_UA_CITY_HAS_1_MOUNTAIN'		),
		('REQSET_CVS_DIHYA_CITY_HAS_1_MOUNTAIN',			'REQ_CVS_DIHYA_UA_CITY_HAS_2_MOUNTAIN_NOT'	),
		('REQSET_CVS_DIHYA_CITY_HAS_1_MOUNTAIN',			'REQ_CVS_DIHYA_UA_IS_AT_WAR'				),
		('REQSET_CVS_DIHYA_CITY_HAS_2_MOUNTAIN',			'REQ_CVS_DIHYA_UA_CITY_HAS_2_MOUNTAIN'		),
		('REQSET_CVS_DIHYA_CITY_HAS_2_MOUNTAIN',			'REQ_CVS_DIHYA_UA_CITY_HAS_3_MOUNTAIN_NOT'	),
		('REQSET_CVS_DIHYA_CITY_HAS_2_MOUNTAIN',			'REQ_CVS_DIHYA_UA_IS_AT_WAR'				),
		('REQSET_CVS_DIHYA_CITY_HAS_3_MOUNTAIN',			'REQ_CVS_DIHYA_UA_CITY_HAS_3_MOUNTAIN'		),
		('REQSET_CVS_DIHYA_CITY_HAS_3_MOUNTAIN',			'REQ_CVS_DIHYA_UA_CITY_HAS_4_MOUNTAIN_NOT'	),
		('REQSET_CVS_DIHYA_CITY_HAS_3_MOUNTAIN',			'REQ_CVS_DIHYA_UA_IS_AT_WAR'				),
		('REQSET_CVS_DIHYA_CITY_HAS_4_MOUNTAIN',			'REQ_CVS_DIHYA_UA_CITY_HAS_4_MOUNTAIN'		),
		('REQSET_CVS_DIHYA_CITY_HAS_4_MOUNTAIN',			'REQ_CVS_DIHYA_UA_CITY_HAS_5_MOUNTAIN_NOT'	),
		('REQSET_CVS_DIHYA_CITY_HAS_4_MOUNTAIN',			'REQ_CVS_DIHYA_UA_IS_AT_WAR'				),
		('REQSET_CVS_DIHYA_CITY_HAS_5_MOUNTAIN',			'REQ_CVS_DIHYA_UA_CITY_HAS_5_MOUNTAIN'		),
		('REQSET_CVS_DIHYA_CITY_HAS_5_MOUNTAIN',			'REQ_CVS_DIHYA_UA_CITY_HAS_6_MOUNTAIN_NOT'	),
		('REQSET_CVS_DIHYA_CITY_HAS_5_MOUNTAIN',			'REQ_CVS_DIHYA_UA_IS_AT_WAR'				),
		('REQSET_CVS_DIHYA_CITY_HAS_6_MOUNTAIN',			'REQ_CVS_DIHYA_UA_CITY_HAS_6_MOUNTAIN'		),
		('REQSET_CVS_DIHYA_CITY_HAS_6_MOUNTAIN',			'REQ_CVS_DIHYA_UA_CITY_HAS_7_MOUNTAIN_NOT'	),
		('REQSET_CVS_DIHYA_CITY_HAS_6_MOUNTAIN',			'REQ_CVS_DIHYA_UA_IS_AT_WAR'				),
		('REQSET_CVS_DIHYA_CITY_HAS_7_MOUNTAIN',			'REQ_CVS_DIHYA_UA_CITY_HAS_7_MOUNTAIN'		),
		('REQSET_CVS_DIHYA_CITY_HAS_7_MOUNTAIN',			'REQ_CVS_DIHYA_UA_CITY_HAS_8_MOUNTAIN_NOT'	),
		('REQSET_CVS_DIHYA_CITY_HAS_7_MOUNTAIN',			'REQ_CVS_DIHYA_UA_IS_AT_WAR'				),
		('REQSET_CVS_DIHYA_CITY_HAS_8_MOUNTAIN',			'REQ_CVS_DIHYA_UA_CITY_HAS_8_MOUNTAIN'		),
		('REQSET_CVS_DIHYA_CITY_HAS_8_MOUNTAIN',			'REQ_CVS_DIHYA_UA_CITY_HAS_9_MOUNTAIN_NOT'	),
		('REQSET_CVS_DIHYA_CITY_HAS_8_MOUNTAIN',			'REQ_CVS_DIHYA_UA_IS_AT_WAR'				),
		('REQSET_CVS_DIHYA_CITY_HAS_9_MOUNTAIN',			'REQ_CVS_DIHYA_UA_CITY_HAS_9_MOUNTAIN'		),
		('REQSET_CVS_DIHYA_CITY_HAS_9_MOUNTAIN',			'REQ_CVS_DIHYA_UA_CITY_HAS_10_MOUNTAIN_NOT'	),
		('REQSET_CVS_DIHYA_CITY_HAS_9_MOUNTAIN',			'REQ_CVS_DIHYA_UA_IS_AT_WAR'				),
		('REQSET_CVS_DIHYA_CITY_HAS_10_MOUNTAIN',			'REQ_CVS_DIHYA_UA_CITY_HAS_10_MOUNTAIN'		),
		('REQSET_CVS_DIHYA_CITY_HAS_10_MOUNTAIN',			'REQ_CVS_DIHYA_UA_IS_AT_WAR'				);


-----------------------------------------------
-- Requirements
-----------------------------------------------

INSERT INTO Requirements
		(RequirementId,									RequirementType,									Inverse			)
VALUES	('REQ_CVS_DIHYA_UA_UNIT_ON_DESERT',				'REQUIREMENT_REQUIREMENTSET_IS_MET',				0				),
		('REQ_CVS_DIHYA_UA_UNIT_IN_OWNED',				'REQUIREMENT_UNIT_IN_OWNER_TERRITORY',				0				),
		('REQ_CVS_DIHYA_UA_UNIT_FLAT_DESERT',			'REQUIREMENT_PLOT_TERRAIN_TYPE_MATCHES',			0				),
		('REQ_CVS_DIHYA_UA_UNIT_HILL_DESERT',			'REQUIREMENT_PLOT_TERRAIN_TYPE_MATCHES',			0				),
		('REQ_CVS_DIHYA_UA_IS_AT_WAR',					'REQUIREMENT_PLAYER_IS_AT_PEACE_WITH_ALL_MAJORS',	1				),

		('REQ_CVS_DIHYA_UA_PLOT_IS_DESERT_MOUNTAIN',	'REQUIREMENT_PLOT_TERRAIN_TYPE_MATCHES',			0				),
		('REQ_CVS_DIHYA_UA_PLOT_IS_PLAINS_MOUNTAIN',	'REQUIREMENT_PLOT_TERRAIN_TYPE_MATCHES',			0				),
		('REQ_CVS_DIHYA_UA_PLOT_IS_SNOW_MOUNTAIN',		'REQUIREMENT_PLOT_TERRAIN_TYPE_MATCHES',			0				),
		('REQ_CVS_DIHYA_UA_PLOT_IS_TUNDRA_MOUNTAIN',	'REQUIREMENT_PLOT_TERRAIN_TYPE_MATCHES',			0				),
		('REQ_CVS_DIHYA_UA_PLOT_IS_GRASS_MOUNTAIN',		'REQUIREMENT_PLOT_TERRAIN_TYPE_MATCHES',			0				),

		('REQ_CVS_DIHYA_UA_CITY_HAS_1_MOUNTAIN',		'REQUIREMENT_COLLECTION_COUNT_ATLEAST',				0				),
		('REQ_CVS_DIHYA_UA_CITY_HAS_2_MOUNTAIN_NOT',	'REQUIREMENT_COLLECTION_COUNT_ATLEAST',				1				),
		('REQ_CVS_DIHYA_UA_CITY_HAS_2_MOUNTAIN',		'REQUIREMENT_COLLECTION_COUNT_ATLEAST',				0				),
		('REQ_CVS_DIHYA_UA_CITY_HAS_3_MOUNTAIN_NOT',	'REQUIREMENT_COLLECTION_COUNT_ATLEAST',				1				),
		('REQ_CVS_DIHYA_UA_CITY_HAS_3_MOUNTAIN',		'REQUIREMENT_COLLECTION_COUNT_ATLEAST',				0				),
		('REQ_CVS_DIHYA_UA_CITY_HAS_4_MOUNTAIN_NOT',	'REQUIREMENT_COLLECTION_COUNT_ATLEAST',				1				),
		('REQ_CVS_DIHYA_UA_CITY_HAS_4_MOUNTAIN',		'REQUIREMENT_COLLECTION_COUNT_ATLEAST',				0				),
		('REQ_CVS_DIHYA_UA_CITY_HAS_5_MOUNTAIN_NOT',	'REQUIREMENT_COLLECTION_COUNT_ATLEAST',				1				),
		('REQ_CVS_DIHYA_UA_CITY_HAS_5_MOUNTAIN',		'REQUIREMENT_COLLECTION_COUNT_ATLEAST',				0				),
		('REQ_CVS_DIHYA_UA_CITY_HAS_6_MOUNTAIN_NOT',	'REQUIREMENT_COLLECTION_COUNT_ATLEAST',				1				),
		('REQ_CVS_DIHYA_UA_CITY_HAS_6_MOUNTAIN',		'REQUIREMENT_COLLECTION_COUNT_ATLEAST',				0				),
		('REQ_CVS_DIHYA_UA_CITY_HAS_7_MOUNTAIN_NOT',	'REQUIREMENT_COLLECTION_COUNT_ATLEAST',				1				),
		('REQ_CVS_DIHYA_UA_CITY_HAS_7_MOUNTAIN',		'REQUIREMENT_COLLECTION_COUNT_ATLEAST',				0				),
		('REQ_CVS_DIHYA_UA_CITY_HAS_8_MOUNTAIN_NOT',	'REQUIREMENT_COLLECTION_COUNT_ATLEAST',				1				),
		('REQ_CVS_DIHYA_UA_CITY_HAS_8_MOUNTAIN',		'REQUIREMENT_COLLECTION_COUNT_ATLEAST',				0				),
		('REQ_CVS_DIHYA_UA_CITY_HAS_9_MOUNTAIN_NOT',	'REQUIREMENT_COLLECTION_COUNT_ATLEAST',				1				),
		('REQ_CVS_DIHYA_UA_CITY_HAS_9_MOUNTAIN',		'REQUIREMENT_COLLECTION_COUNT_ATLEAST',				0				),
		('REQ_CVS_DIHYA_UA_CITY_HAS_10_MOUNTAIN_NOT',	'REQUIREMENT_COLLECTION_COUNT_ATLEAST',				1				),
		('REQ_CVS_DIHYA_UA_CITY_HAS_10_MOUNTAIN',		'REQUIREMENT_COLLECTION_COUNT_ATLEAST',				0				);

-----------------------------------------------
-- RequirementArguments
-----------------------------------------------
		
INSERT INTO RequirementArguments
		(RequirementId,									Name,					Value										)
VALUES	('REQ_CVS_DIHYA_UA_UNIT_ON_DESERT',				'RequirementSetId',		'REQSET_CVS_DIHYA_UNIT_ON_DESERT'			),
		('REQ_CVS_DIHYA_UA_UNIT_FLAT_DESERT',			'TerrainType',			'TERRAIN_DESERT'							),
		('REQ_CVS_DIHYA_UA_UNIT_HILL_DESERT',			'TerrainType',			'TERRAIN_DESERT_HILLS'						),

		('REQ_CVS_DIHYA_UA_PLOT_IS_DESERT_MOUNTAIN',	'TerrainType',			'TERRAIN_DESERT_MOUNTAIN'					),
		('REQ_CVS_DIHYA_UA_PLOT_IS_PLAINS_MOUNTAIN',	'TerrainType',			'TERRAIN_PLAINS_MOUNTAIN'					),
		('REQ_CVS_DIHYA_UA_PLOT_IS_SNOW_MOUNTAIN',		'TerrainType',			'TERRAIN_SNOW_MOUNTAIN'						),
		('REQ_CVS_DIHYA_UA_PLOT_IS_TUNDRA_MOUNTAIN',	'TerrainType',			'TERRAIN_TUNDRA_MOUNTAIN'					),
		('REQ_CVS_DIHYA_UA_PLOT_IS_GRASS_MOUNTAIN',		'TerrainType',			'TERRAIN_GRASS_MOUNTAIN'					),

		('REQ_CVS_DIHYA_UA_CITY_HAS_1_MOUNTAIN',		'CollectionType',		'COLLECTION_CITY_PLOT_YIELDS'				),
		('REQ_CVS_DIHYA_UA_CITY_HAS_1_MOUNTAIN',		'Count',				1											),
		('REQ_CVS_DIHYA_UA_CITY_HAS_1_MOUNTAIN',		'RequirementSetId',		'REQSET_CVS_DIHYA_PLOT_IS_MOUNTAIN'			),
		('REQ_CVS_DIHYA_UA_CITY_HAS_2_MOUNTAIN',		'CollectionType',		'COLLECTION_CITY_PLOT_YIELDS'				),
		('REQ_CVS_DIHYA_UA_CITY_HAS_2_MOUNTAIN',		'Count',				2											),
		('REQ_CVS_DIHYA_UA_CITY_HAS_2_MOUNTAIN',		'RequirementSetId',		'REQSET_CVS_DIHYA_PLOT_IS_MOUNTAIN'			),
		('REQ_CVS_DIHYA_UA_CITY_HAS_3_MOUNTAIN',		'CollectionType',		'COLLECTION_CITY_PLOT_YIELDS'				),
		('REQ_CVS_DIHYA_UA_CITY_HAS_3_MOUNTAIN',		'Count',				3											),
		('REQ_CVS_DIHYA_UA_CITY_HAS_3_MOUNTAIN',		'RequirementSetId',		'REQSET_CVS_DIHYA_PLOT_IS_MOUNTAIN'			),
		('REQ_CVS_DIHYA_UA_CITY_HAS_4_MOUNTAIN',		'CollectionType',		'COLLECTION_CITY_PLOT_YIELDS'				),
		('REQ_CVS_DIHYA_UA_CITY_HAS_4_MOUNTAIN',		'Count',				4											),
		('REQ_CVS_DIHYA_UA_CITY_HAS_4_MOUNTAIN',		'RequirementSetId',		'REQSET_CVS_DIHYA_PLOT_IS_MOUNTAIN'			),
		('REQ_CVS_DIHYA_UA_CITY_HAS_5_MOUNTAIN',		'CollectionType',		'COLLECTION_CITY_PLOT_YIELDS'				),
		('REQ_CVS_DIHYA_UA_CITY_HAS_5_MOUNTAIN',		'Count',				5											),
		('REQ_CVS_DIHYA_UA_CITY_HAS_5_MOUNTAIN',		'RequirementSetId',		'REQSET_CVS_DIHYA_PLOT_IS_MOUNTAIN'			),
		('REQ_CVS_DIHYA_UA_CITY_HAS_6_MOUNTAIN',		'CollectionType',		'COLLECTION_CITY_PLOT_YIELDS'				),
		('REQ_CVS_DIHYA_UA_CITY_HAS_6_MOUNTAIN',		'Count',				6											),
		('REQ_CVS_DIHYA_UA_CITY_HAS_6_MOUNTAIN',		'RequirementSetId',		'REQSET_CVS_DIHYA_PLOT_IS_MOUNTAIN'			),
		('REQ_CVS_DIHYA_UA_CITY_HAS_7_MOUNTAIN',		'CollectionType',		'COLLECTION_CITY_PLOT_YIELDS'				),
		('REQ_CVS_DIHYA_UA_CITY_HAS_7_MOUNTAIN',		'Count',				7											),
		('REQ_CVS_DIHYA_UA_CITY_HAS_7_MOUNTAIN',		'RequirementSetId',		'REQSET_CVS_DIHYA_PLOT_IS_MOUNTAIN'			),
		('REQ_CVS_DIHYA_UA_CITY_HAS_8_MOUNTAIN',		'CollectionType',		'COLLECTION_CITY_PLOT_YIELDS'				),
		('REQ_CVS_DIHYA_UA_CITY_HAS_8_MOUNTAIN',		'Count',				8											),
		('REQ_CVS_DIHYA_UA_CITY_HAS_8_MOUNTAIN',		'RequirementSetId',		'REQSET_CVS_DIHYA_PLOT_IS_MOUNTAIN'			),
		('REQ_CVS_DIHYA_UA_CITY_HAS_9_MOUNTAIN',		'CollectionType',		'COLLECTION_CITY_PLOT_YIELDS'				),
		('REQ_CVS_DIHYA_UA_CITY_HAS_9_MOUNTAIN',		'Count',				9											),
		('REQ_CVS_DIHYA_UA_CITY_HAS_9_MOUNTAIN',		'RequirementSetId',		'REQSET_CVS_DIHYA_PLOT_IS_MOUNTAIN'			),
		('REQ_CVS_DIHYA_UA_CITY_HAS_10_MOUNTAIN',		'CollectionType',		'COLLECTION_CITY_PLOT_YIELDS'				),
		('REQ_CVS_DIHYA_UA_CITY_HAS_10_MOUNTAIN',		'Count',				10											),
		('REQ_CVS_DIHYA_UA_CITY_HAS_10_MOUNTAIN',		'RequirementSetId',		'REQSET_CVS_DIHYA_PLOT_IS_MOUNTAIN'			),

		('REQ_CVS_DIHYA_UA_CITY_HAS_2_MOUNTAIN_NOT',	'CollectionType',		'COLLECTION_CITY_PLOT_YIELDS'				),
		('REQ_CVS_DIHYA_UA_CITY_HAS_2_MOUNTAIN_NOT',	'Count',				2											),
		('REQ_CVS_DIHYA_UA_CITY_HAS_2_MOUNTAIN_NOT',	'RequirementSetId',		'REQSET_CVS_DIHYA_PLOT_IS_MOUNTAIN'			),
		('REQ_CVS_DIHYA_UA_CITY_HAS_3_MOUNTAIN_NOT',	'CollectionType',		'COLLECTION_CITY_PLOT_YIELDS'				),
		('REQ_CVS_DIHYA_UA_CITY_HAS_3_MOUNTAIN_NOT',	'Count',				3											),
		('REQ_CVS_DIHYA_UA_CITY_HAS_3_MOUNTAIN_NOT',	'RequirementSetId',		'REQSET_CVS_DIHYA_PLOT_IS_MOUNTAIN'			),
		('REQ_CVS_DIHYA_UA_CITY_HAS_4_MOUNTAIN_NOT',	'CollectionType',		'COLLECTION_CITY_PLOT_YIELDS'				),
		('REQ_CVS_DIHYA_UA_CITY_HAS_4_MOUNTAIN_NOT',	'Count',				4											),
		('REQ_CVS_DIHYA_UA_CITY_HAS_4_MOUNTAIN_NOT',	'RequirementSetId',		'REQSET_CVS_DIHYA_PLOT_IS_MOUNTAIN'			),
		('REQ_CVS_DIHYA_UA_CITY_HAS_5_MOUNTAIN_NOT',	'CollectionType',		'COLLECTION_CITY_PLOT_YIELDS'				),
		('REQ_CVS_DIHYA_UA_CITY_HAS_5_MOUNTAIN_NOT',	'Count',				5											),
		('REQ_CVS_DIHYA_UA_CITY_HAS_5_MOUNTAIN_NOT',	'RequirementSetId',		'REQSET_CVS_DIHYA_PLOT_IS_MOUNTAIN'			),
		('REQ_CVS_DIHYA_UA_CITY_HAS_6_MOUNTAIN_NOT',	'CollectionType',		'COLLECTION_CITY_PLOT_YIELDS'				),
		('REQ_CVS_DIHYA_UA_CITY_HAS_6_MOUNTAIN_NOT',	'Count',				6											),
		('REQ_CVS_DIHYA_UA_CITY_HAS_6_MOUNTAIN_NOT',	'RequirementSetId',		'REQSET_CVS_DIHYA_PLOT_IS_MOUNTAIN'			),
		('REQ_CVS_DIHYA_UA_CITY_HAS_7_MOUNTAIN_NOT',	'CollectionType',		'COLLECTION_CITY_PLOT_YIELDS'				),
		('REQ_CVS_DIHYA_UA_CITY_HAS_7_MOUNTAIN_NOT',	'Count',				7											),
		('REQ_CVS_DIHYA_UA_CITY_HAS_7_MOUNTAIN_NOT',	'RequirementSetId',		'REQSET_CVS_DIHYA_PLOT_IS_MOUNTAIN'			),
		('REQ_CVS_DIHYA_UA_CITY_HAS_8_MOUNTAIN_NOT',	'CollectionType',		'COLLECTION_CITY_PLOT_YIELDS'				),
		('REQ_CVS_DIHYA_UA_CITY_HAS_8_MOUNTAIN_NOT',	'Count',				8											),
		('REQ_CVS_DIHYA_UA_CITY_HAS_8_MOUNTAIN_NOT',	'RequirementSetId',		'REQSET_CVS_DIHYA_PLOT_IS_MOUNTAIN'			),
		('REQ_CVS_DIHYA_UA_CITY_HAS_9_MOUNTAIN_NOT',	'CollectionType',		'COLLECTION_CITY_PLOT_YIELDS'				),
		('REQ_CVS_DIHYA_UA_CITY_HAS_9_MOUNTAIN_NOT',	'Count',				9											),
		('REQ_CVS_DIHYA_UA_CITY_HAS_9_MOUNTAIN_NOT',	'RequirementSetId',		'REQSET_CVS_DIHYA_PLOT_IS_MOUNTAIN'			),
		('REQ_CVS_DIHYA_UA_CITY_HAS_10_MOUNTAIN_NOT',	'CollectionType',		'COLLECTION_CITY_PLOT_YIELDS'				),
		('REQ_CVS_DIHYA_UA_CITY_HAS_10_MOUNTAIN_NOT',	'Count',				10											),
		('REQ_CVS_DIHYA_UA_CITY_HAS_10_MOUNTAIN_NOT',	'RequirementSetId',		'REQSET_CVS_DIHYA_PLOT_IS_MOUNTAIN'			);

-----------------------------------------------
-- ModifierStrings
-----------------------------------------------
INSERT INTO ModifierStrings
		(ModifierId,											Context,	Text													)
VALUES	('MODIFIER_CVS_DIHYA_COMBAT_BONUS_FRIENDLY_DESERT',		'Preview',	'LOC_MODIFIER_CVS_DIHYA_COMBAT_BONUS_FRIENDLY_DESERT'	);