/*
	Religious
	Authors: SeelingCat
*/

-----------------------------------------------
-- TraitModifiers
-----------------------------------------------

INSERT INTO TraitModifiers 
		(TraitType, 					ModifierId														)
VALUES	('MINOR_CIV_RELIGIOUS_TRAIT',	'MODIFIER_CSE_RELIGIOUS_SHRINE_FAITH_ETHIOPIA'					),
		('MINOR_CIV_RELIGIOUS_TRAIT',	'MODIFIER_CSE_RELIGIOUS_TEMPLE_FAITH_ETHIOPIA'					),

		('MINOR_CIV_RELIGIOUS_TRAIT',	'MODIFIER_CSE_RELIGIOUS_CATHEDRAL_FAITH_ETHIOPIA'				),
		('MINOR_CIV_RELIGIOUS_TRAIT',	'MODIFIER_CSE_RELIGIOUS_DAR_E_MEHR_FAITH_ETHIOPIA'				),
		('MINOR_CIV_RELIGIOUS_TRAIT',	'MODIFIER_CSE_RELIGIOUS_GURDWARA_FAITH_ETHIOPIA'				),
		('MINOR_CIV_RELIGIOUS_TRAIT',	'MODIFIER_CSE_RELIGIOUS_MEETING_HOUSE_FAITH_ETHIOPIA'			),
		('MINOR_CIV_RELIGIOUS_TRAIT',	'MODIFIER_CSE_RELIGIOUS_MOSQUE_FAITH_ETHIOPIA'					),
		('MINOR_CIV_RELIGIOUS_TRAIT',	'MODIFIER_CSE_RELIGIOUS_PAGODA_FAITH_ETHIOPIA'					),
		('MINOR_CIV_RELIGIOUS_TRAIT',	'MODIFIER_CSE_RELIGIOUS_STUPA_FAITH_ETHIOPIA'					),
		('MINOR_CIV_RELIGIOUS_TRAIT',	'MODIFIER_CSE_RELIGIOUS_SYNAGOGUE_FAITH_ETHIOPIA'				),
		('MINOR_CIV_RELIGIOUS_TRAIT',	'MODIFIER_CSE_RELIGIOUS_WAT_FAITH_ETHIOPIA'						),

		('MINOR_CIV_RELIGIOUS_TRAIT',	'MODIFIER_CSE_RELIGIOUS_CHANCERY_FAITH_ETHIOPIA'				),
		('MINOR_CIV_RELIGIOUS_TRAIT',	'MODIFIER_CSE_RELIGIOUS_CONSULATE_FAITH_ETHIOPIA'				),
		
		('MINOR_CIV_RELIGIOUS_TRAIT',	'MODIFIER_CSE_RELIGIOUS_CHANCERY_FAITH_ETHIOPIA_LARGEST'		),
		('MINOR_CIV_RELIGIOUS_TRAIT',	'MODIFIER_CSE_RELIGIOUS_CONSULATE_FAITH_ETHIOPIA_LARGEST'		);

-----------------------------------------------
-- Modifiers
-----------------------------------------------

INSERT INTO Modifiers 
		(ModifierId,													ModifierType,													SubjectRequirementSetId					)
VALUES	('MODIFIER_CSE_RELIGIOUS_SHRINE_FAITH_ETHIOPIA',				'MODIFIER_ALL_PLAYERS_ATTACH_MODIFIER',							'PLAYER_HAS_LARGEST_INFLUENCE'			),
		('MODIFIER_CSE_RELIGIOUS_SHRINE_FAITH_MOD_ETHIOPIA',			'MODIFIER_PLAYER_CITIES_ADJUST_BUILDING_YIELD_CHANGE',			NULL									),
		('MODIFIER_CSE_RELIGIOUS_TEMPLE_FAITH_ETHIOPIA',				'MODIFIER_ALL_PLAYERS_ATTACH_MODIFIER',							'PLAYER_HAS_LARGEST_INFLUENCE'			),
		('MODIFIER_CSE_RELIGIOUS_TEMPLE_FAITH_MOD_ETHIOPIA',			'MODIFIER_PLAYER_CITIES_ADJUST_BUILDING_YIELD_CHANGE',			NULL									),
		
		('MODIFIER_CSE_RELIGIOUS_CATHEDRAL_FAITH_ETHIOPIA',				'MODIFIER_ALL_PLAYERS_ATTACH_MODIFIER',							'PLAYER_HAS_LARGEST_INFLUENCE'			),
		('MODIFIER_CSE_RELIGIOUS_CATHEDRAL_FAITH_MOD_ETHIOPIA',			'MODIFIER_PLAYER_CITIES_ADJUST_BUILDING_YIELD_CHANGE',			NULL									),
		('MODIFIER_CSE_RELIGIOUS_DAR_E_MEHR_FAITH_ETHIOPIA',			'MODIFIER_ALL_PLAYERS_ATTACH_MODIFIER',							'PLAYER_HAS_LARGEST_INFLUENCE'			),
		('MODIFIER_CSE_RELIGIOUS_DAR_E_MEHR_FAITH_MOD_ETHIOPIA',		'MODIFIER_PLAYER_CITIES_ADJUST_BUILDING_YIELD_CHANGE',			NULL									),
		('MODIFIER_CSE_RELIGIOUS_GURDWARA_FAITH_ETHIOPIA',				'MODIFIER_ALL_PLAYERS_ATTACH_MODIFIER',							'PLAYER_HAS_LARGEST_INFLUENCE'			),
		('MODIFIER_CSE_RELIGIOUS_GURDWARA_FAITH_MOD_ETHIOPIA',			'MODIFIER_PLAYER_CITIES_ADJUST_BUILDING_YIELD_CHANGE',			NULL									),
		('MODIFIER_CSE_RELIGIOUS_MEETING_HOUSE_FAITH_ETHIOPIA',			'MODIFIER_ALL_PLAYERS_ATTACH_MODIFIER',							'PLAYER_HAS_LARGEST_INFLUENCE'			),
		('MODIFIER_CSE_RELIGIOUS_MEETING_HOUSE_FAITH_MOD_ETHIOPIA',		'MODIFIER_PLAYER_CITIES_ADJUST_BUILDING_YIELD_CHANGE',			NULL									),
		('MODIFIER_CSE_RELIGIOUS_MOSQUE_FAITH_ETHIOPIA',				'MODIFIER_ALL_PLAYERS_ATTACH_MODIFIER',							'PLAYER_HAS_LARGEST_INFLUENCE'			),
		('MODIFIER_CSE_RELIGIOUS_MOSQUE_FAITH_MOD_ETHIOPIA',			'MODIFIER_PLAYER_CITIES_ADJUST_BUILDING_YIELD_CHANGE',			NULL									),
		('MODIFIER_CSE_RELIGIOUS_PAGODA_FAITH_ETHIOPIA',				'MODIFIER_ALL_PLAYERS_ATTACH_MODIFIER',							'PLAYER_HAS_LARGEST_INFLUENCE'			),
		('MODIFIER_CSE_RELIGIOUS_PAGODA_FAITH_MOD_ETHIOPIA',			'MODIFIER_PLAYER_CITIES_ADJUST_BUILDING_YIELD_CHANGE',			NULL									),
		('MODIFIER_CSE_RELIGIOUS_STUPA_FAITH_ETHIOPIA',					'MODIFIER_ALL_PLAYERS_ATTACH_MODIFIER',							'PLAYER_HAS_LARGEST_INFLUENCE'			),
		('MODIFIER_CSE_RELIGIOUS_STUPA_FAITH_MOD_ETHIOPIA',				'MODIFIER_PLAYER_CITIES_ADJUST_BUILDING_YIELD_CHANGE',			NULL									),
		('MODIFIER_CSE_RELIGIOUS_SYNAGOGUE_FAITH_ETHIOPIA',				'MODIFIER_ALL_PLAYERS_ATTACH_MODIFIER',							'PLAYER_HAS_LARGEST_INFLUENCE'			),
		('MODIFIER_CSE_RELIGIOUS_SYNAGOGUE_FAITH_MOD_ETHIOPIA',			'MODIFIER_PLAYER_CITIES_ADJUST_BUILDING_YIELD_CHANGE',			NULL									),
		('MODIFIER_CSE_RELIGIOUS_WAT_FAITH_ETHIOPIA',					'MODIFIER_ALL_PLAYERS_ATTACH_MODIFIER',							'PLAYER_HAS_LARGEST_INFLUENCE'			),
		('MODIFIER_CSE_RELIGIOUS_WAT_FAITH_MOD_ETHIOPIA',				'MODIFIER_PLAYER_CITIES_ADJUST_BUILDING_YIELD_CHANGE',			NULL									),

		('MODIFIER_CSE_RELIGIOUS_CHANCERY_FAITH_ETHIOPIA_LARGEST',		'MODIFIER_ALL_PLAYERS_ATTACH_MODIFIER',							'PLAYER_HAS_LARGEST_INFLUENCE'			),
		('MODIFIER_CSE_RELIGIOUS_CHANCERY_FAITH_MOD_ETHIOPIA_LARGEST',	'MODIFIER_PLAYER_CITIES_ADJUST_BUILDING_YIELD_CHANGE',			NULL									),
		('MODIFIER_CSE_RELIGIOUS_CONSULATE_FAITH_ETHIOPIA_LARGEST',		'MODIFIER_ALL_PLAYERS_ATTACH_MODIFIER',							'PLAYER_HAS_LARGEST_INFLUENCE'			),
		('MODIFIER_CSE_RELIGIOUS_CONSULATE_FAITH_MOD_ETHIOPIA_LARGEST',	'MODIFIER_PLAYER_CITIES_ADJUST_BUILDING_YIELD_CHANGE',			NULL									),

		('MODIFIER_CSE_RELIGIOUS_CHANCERY_FAITH_ETHIOPIA',				'MODIFIER_ALL_PLAYERS_ATTACH_MODIFIER',							'PLAYER_HAS_LARGE_INFLUENCE'			),
		('MODIFIER_CSE_RELIGIOUS_CHANCERY_FAITH_MOD_ETHIOPIA',			'MODIFIER_PLAYER_CITIES_ADJUST_BUILDING_YIELD_CHANGE',			NULL									),
		('MODIFIER_CSE_RELIGIOUS_CONSULATE_FAITH_ETHIOPIA',				'MODIFIER_ALL_PLAYERS_ATTACH_MODIFIER',							'PLAYER_HAS_MEDIUM_INFLUENCE'			),
		('MODIFIER_CSE_RELIGIOUS_CONSULATE_FAITH_MOD_ETHIOPIA',			'MODIFIER_PLAYER_CITIES_ADJUST_BUILDING_YIELD_CHANGE',			NULL									);

-----------------------------------------------
-- ModifierArguments
-----------------------------------------------

INSERT INTO ModifierArguments
		(ModifierId,													Name,				Value													)
VALUES	('MODIFIER_CSE_RELIGIOUS_SHRINE_FAITH_ETHIOPIA',				'ModifierId',		'MODIFIER_CSE_RELIGIOUS_SHRINE_FAITH_MOD_ETHIOPIA'		),
		('MODIFIER_CSE_RELIGIOUS_SHRINE_FAITH_MOD_ETHIOPIA',			'BuildingType',		'BUILDING_SHRINE'										),
		('MODIFIER_CSE_RELIGIOUS_SHRINE_FAITH_MOD_ETHIOPIA',			'YieldType',		'YIELD_FAITH'											),
		('MODIFIER_CSE_RELIGIOUS_SHRINE_FAITH_MOD_ETHIOPIA',			'Amount',			1														),
		('MODIFIER_CSE_RELIGIOUS_SHRINE_FAITH_MOD_ETHIOPIA',			'CityStatesOnly',	1														),
		('MODIFIER_CSE_RELIGIOUS_TEMPLE_FAITH_ETHIOPIA',				'ModifierId',		'MODIFIER_CSE_RELIGIOUS_TEMPLE_FAITH_MOD_ETHIOPIA'		),
		('MODIFIER_CSE_RELIGIOUS_TEMPLE_FAITH_MOD_ETHIOPIA',			'BuildingType',		'BUILDING_TEMPLE'										),
		('MODIFIER_CSE_RELIGIOUS_TEMPLE_FAITH_MOD_ETHIOPIA',			'YieldType',		'YIELD_FAITH'											),
		('MODIFIER_CSE_RELIGIOUS_TEMPLE_FAITH_MOD_ETHIOPIA',			'Amount',			1														),
		('MODIFIER_CSE_RELIGIOUS_TEMPLE_FAITH_MOD_ETHIOPIA',			'CityStatesOnly',	1														),

		('MODIFIER_CSE_RELIGIOUS_CATHEDRAL_FAITH_ETHIOPIA',				'ModifierId',		'MODIFIER_CSE_RELIGIOUS_CATHEDRAL_FAITH_MOD_ETHIOPIA'	),
		('MODIFIER_CSE_RELIGIOUS_CATHEDRAL_FAITH_MOD_ETHIOPIA',			'YieldType',		'YIELD_FAITH'											),
		('MODIFIER_CSE_RELIGIOUS_CATHEDRAL_FAITH_MOD_ETHIOPIA',			'Amount',			1														),
		('MODIFIER_CSE_RELIGIOUS_CATHEDRAL_FAITH_MOD_ETHIOPIA',			'BuildingType',		'BUILDING_CATHEDRAL'									),
		('MODIFIER_CSE_RELIGIOUS_CATHEDRAL_FAITH_MOD_ETHIOPIA',			'CityStatesOnly',	1														),
		('MODIFIER_CSE_RELIGIOUS_DAR_E_MEHR_FAITH_ETHIOPIA',			'ModifierId',		'MODIFIER_CSE_RELIGIOUS_DAR_E_MEHR_FAITH_MOD_ETHIOPIA'	),
		('MODIFIER_CSE_RELIGIOUS_DAR_E_MEHR_FAITH_MOD_ETHIOPIA',		'YieldType',		'YIELD_FAITH'											),
		('MODIFIER_CSE_RELIGIOUS_DAR_E_MEHR_FAITH_MOD_ETHIOPIA',		'Amount',			1														),
		('MODIFIER_CSE_RELIGIOUS_DAR_E_MEHR_FAITH_MOD_ETHIOPIA',		'BuildingType',		'BUILDING_DAR_E_MEHR'									),
		('MODIFIER_CSE_RELIGIOUS_DAR_E_MEHR_FAITH_MOD_ETHIOPIA',		'CityStatesOnly',	1														),
		('MODIFIER_CSE_RELIGIOUS_GURDWARA_FAITH_ETHIOPIA',				'ModifierId',		'MODIFIER_CSE_RELIGIOUS_GURDWARA_FAITH_MOD_ETHIOPIA'	),
		('MODIFIER_CSE_RELIGIOUS_GURDWARA_FAITH_MOD_ETHIOPIA',			'YieldType',		'YIELD_FAITH'											),
		('MODIFIER_CSE_RELIGIOUS_GURDWARA_FAITH_MOD_ETHIOPIA',			'Amount',			1														),
		('MODIFIER_CSE_RELIGIOUS_GURDWARA_FAITH_MOD_ETHIOPIA',			'BuildingType',		'BUILDING_GURDWARA'										),
		('MODIFIER_CSE_RELIGIOUS_GURDWARA_FAITH_MOD_ETHIOPIA',			'CityStatesOnly',	1														),
		('MODIFIER_CSE_RELIGIOUS_MEETING_HOUSE_FAITH_ETHIOPIA',			'ModifierId',		'MODIFIER_CSE_RELIGIOUS_MEETING_HOUSE_FAITH_MOD_ETHIOPIA'	),
		('MODIFIER_CSE_RELIGIOUS_MEETING_HOUSE_FAITH_MOD_ETHIOPIA',		'YieldType',		'YIELD_FAITH'											),
		('MODIFIER_CSE_RELIGIOUS_MEETING_HOUSE_FAITH_MOD_ETHIOPIA',		'Amount',			1														),
		('MODIFIER_CSE_RELIGIOUS_MEETING_HOUSE_FAITH_MOD_ETHIOPIA',		'BuildingType',		'BUILDING_MEETING_HOUSE'								),
		('MODIFIER_CSE_RELIGIOUS_MEETING_HOUSE_FAITH_MOD_ETHIOPIA',		'CityStatesOnly',	1														),
		('MODIFIER_CSE_RELIGIOUS_MOSQUE_FAITH_ETHIOPIA',				'ModifierId',		'MODIFIER_CSE_RELIGIOUS_MOSQUE_FAITH_MOD_ETHIOPIA'		),
		('MODIFIER_CSE_RELIGIOUS_MOSQUE_FAITH_MOD_ETHIOPIA',			'YieldType',		'YIELD_FAITH'											),
		('MODIFIER_CSE_RELIGIOUS_MOSQUE_FAITH_MOD_ETHIOPIA',			'Amount',			1														),
		('MODIFIER_CSE_RELIGIOUS_MOSQUE_FAITH_MOD_ETHIOPIA',			'BuildingType',		'BUILDING_MOSQUE'										),
		('MODIFIER_CSE_RELIGIOUS_MOSQUE_FAITH_MOD_ETHIOPIA',			'CityStatesOnly',	1														),
		('MODIFIER_CSE_RELIGIOUS_PAGODA_FAITH_ETHIOPIA',				'ModifierId',		'MODIFIER_CSE_RELIGIOUS_PAGODA_FAITH_MOD_ETHIOPIA'		),
		('MODIFIER_CSE_RELIGIOUS_PAGODA_FAITH_MOD_ETHIOPIA',			'YieldType',		'YIELD_FAITH'											),
		('MODIFIER_CSE_RELIGIOUS_PAGODA_FAITH_MOD_ETHIOPIA',			'Amount',			1														),
		('MODIFIER_CSE_RELIGIOUS_PAGODA_FAITH_MOD_ETHIOPIA',			'BuildingType',		'BUILDING_PAGODA'										),
		('MODIFIER_CSE_RELIGIOUS_PAGODA_FAITH_MOD_ETHIOPIA',			'CityStatesOnly',	1														),
		('MODIFIER_CSE_RELIGIOUS_STUPA_FAITH_ETHIOPIA',					'ModifierId',		'MODIFIER_CSE_RELIGIOUS_STUPA_FAITH_MOD_ETHIOPIA'		),
		('MODIFIER_CSE_RELIGIOUS_STUPA_FAITH_MOD_ETHIOPIA',				'YieldType',		'YIELD_FAITH'											),
		('MODIFIER_CSE_RELIGIOUS_STUPA_FAITH_MOD_ETHIOPIA',				'Amount',			1														),
		('MODIFIER_CSE_RELIGIOUS_STUPA_FAITH_MOD_ETHIOPIA',				'BuildingType',		'BUILDING_STUPA'										),
		('MODIFIER_CSE_RELIGIOUS_STUPA_FAITH_MOD_ETHIOPIA',				'CityStatesOnly',	1														),
		('MODIFIER_CSE_RELIGIOUS_SYNAGOGUE_FAITH_ETHIOPIA',				'ModifierId',		'MODIFIER_CSE_RELIGIOUS_SYNAGOGUE_FAITH_MOD_ETHIOPIA'	),
		('MODIFIER_CSE_RELIGIOUS_SYNAGOGUE_FAITH_MOD_ETHIOPIA',			'YieldType',		'YIELD_FAITH'											),
		('MODIFIER_CSE_RELIGIOUS_SYNAGOGUE_FAITH_MOD_ETHIOPIA',			'Amount',			1														),
		('MODIFIER_CSE_RELIGIOUS_SYNAGOGUE_FAITH_MOD_ETHIOPIA',			'BuildingType',		'BUILDING_SYNAGOGUE'									),
		('MODIFIER_CSE_RELIGIOUS_SYNAGOGUE_FAITH_MOD_ETHIOPIA',			'CityStatesOnly',	1														),
		('MODIFIER_CSE_RELIGIOUS_WAT_FAITH_ETHIOPIA',					'ModifierId',		'MODIFIER_CSE_RELIGIOUS_WAT_FAITH_MOD_ETHIOPIA'			),
		('MODIFIER_CSE_RELIGIOUS_WAT_FAITH_MOD_ETHIOPIA',				'YieldType',		'YIELD_FAITH'											),
		('MODIFIER_CSE_RELIGIOUS_WAT_FAITH_MOD_ETHIOPIA',				'Amount',			1														),
		('MODIFIER_CSE_RELIGIOUS_WAT_FAITH_MOD_ETHIOPIA',				'BuildingType',		'BUILDING_WAT'											),
		('MODIFIER_CSE_RELIGIOUS_WAT_FAITH_MOD_ETHIOPIA',				'CityStatesOnly',	1														),

		('MODIFIER_CSE_RELIGIOUS_CHANCERY_FAITH_ETHIOPIA',				'ModifierId',		'MODIFIER_CSE_RELIGIOUS_CHANCERY_FAITH_MOD_ETHIOPIA'	),
		('MODIFIER_CSE_RELIGIOUS_CHANCERY_FAITH_MOD_ETHIOPIA',			'BuildingType',		'BUILDING_CHANCERY'										),
		('MODIFIER_CSE_RELIGIOUS_CHANCERY_FAITH_MOD_ETHIOPIA',			'YieldType',		'YIELD_FAITH'											),
		('MODIFIER_CSE_RELIGIOUS_CHANCERY_FAITH_MOD_ETHIOPIA',			'Amount',			3														),
		('MODIFIER_CSE_RELIGIOUS_CHANCERY_FAITH_MOD_ETHIOPIA',			'CityStatesOnly',	1														),
		('MODIFIER_CSE_RELIGIOUS_CONSULATE_FAITH_ETHIOPIA',				'ModifierId',		'MODIFIER_CSE_RELIGIOUS_CONSULATE_FAITH_MOD_ETHIOPIA'	),
		('MODIFIER_CSE_RELIGIOUS_CONSULATE_FAITH_MOD_ETHIOPIA',			'BuildingType',		'BUILDING_CONSULATE'									),
		('MODIFIER_CSE_RELIGIOUS_CONSULATE_FAITH_MOD_ETHIOPIA',			'YieldType',		'YIELD_FAITH'											),
		('MODIFIER_CSE_RELIGIOUS_CONSULATE_FAITH_MOD_ETHIOPIA',			'Amount',			2														),
		('MODIFIER_CSE_RELIGIOUS_CONSULATE_FAITH_MOD_ETHIOPIA',			'CityStatesOnly',	1														),

		('MODIFIER_CSE_RELIGIOUS_CHANCERY_FAITH_ETHIOPIA_LARGEST',		'ModifierId',		'MODIFIER_CSE_RELIGIOUS_CHANCERY_FAITH_MOD_ETHIOPIA_LARGEST'	),
		('MODIFIER_CSE_RELIGIOUS_CHANCERY_FAITH_MOD_ETHIOPIA_LARGEST',	'BuildingType',		'BUILDING_CHANCERY'										),
		('MODIFIER_CSE_RELIGIOUS_CHANCERY_FAITH_MOD_ETHIOPIA_LARGEST',	'YieldType',		'YIELD_FAITH'											),
		('MODIFIER_CSE_RELIGIOUS_CHANCERY_FAITH_MOD_ETHIOPIA_LARGEST',	'Amount',			1														),
		('MODIFIER_CSE_RELIGIOUS_CHANCERY_FAITH_MOD_ETHIOPIA_LARGEST',	'CityStatesOnly',	1														),
		('MODIFIER_CSE_RELIGIOUS_CONSULATE_FAITH_ETHIOPIA_LARGEST',		'ModifierId',		'MODIFIER_CSE_RELIGIOUS_CONSULATE_FAITH_MOD_ETHIOPIA_LARGEST'	),
		('MODIFIER_CSE_RELIGIOUS_CONSULATE_FAITH_MOD_ETHIOPIA_LARGEST',	'BuildingType',		'BUILDING_CONSULATE'									),
		('MODIFIER_CSE_RELIGIOUS_CONSULATE_FAITH_MOD_ETHIOPIA_LARGEST',	'YieldType',		'YIELD_FAITH'											),
		('MODIFIER_CSE_RELIGIOUS_CONSULATE_FAITH_MOD_ETHIOPIA_LARGEST',	'Amount',			1														),
		('MODIFIER_CSE_RELIGIOUS_CONSULATE_FAITH_MOD_ETHIOPIA_LARGEST',	'CityStatesOnly',	1														);

UPDATE	ModifierArguments
SET		Value = 1
WHERE	Name = 'Amount' AND ModifierId = 'MODIFIER_CSE_RELIGIOUS_CAPITAL_FAITH_MOD';

UPDATE	ModifierArguments
SET		Value = 1
WHERE	Name = 'Amount' AND ModifierId = 'MODIFIER_CSE_RELIGIOUS_SHRINE_FAITH_MOD';

UPDATE	ModifierArguments
SET		Value = 3
WHERE	Name = 'Amount' AND ModifierId = 'MODIFIER_CSE_RELIGIOUS_CATHEDRAL_FAITH_MOD';

UPDATE	ModifierArguments
SET		Value = 3
WHERE	Name = 'Amount' AND ModifierId = 'MODIFIER_CSE_RELIGIOUS_DAR_E_MEHR_FAITH_MOD';

UPDATE	ModifierArguments
SET		Value = 3
WHERE	Name = 'Amount' AND ModifierId = 'MODIFIER_CSE_RELIGIOUS_GURDWARA_FAITH_MOD';

UPDATE	ModifierArguments
SET		Value = 3
WHERE	Name = 'Amount' AND ModifierId = 'MODIFIER_CSE_RELIGIOUS_MEETING_HOUSE_FAITH_MOD';

UPDATE	ModifierArguments
SET		Value = 3
WHERE	Name = 'Amount' AND ModifierId = 'MODIFIER_CSE_RELIGIOUS_MOSQUE_FAITH_MOD';

UPDATE	ModifierArguments
SET		Value = 3
WHERE	Name = 'Amount' AND ModifierId = 'MODIFIER_CSE_RELIGIOUS_PAGODA_FAITH_MOD';

UPDATE	ModifierArguments
SET		Value = 3
WHERE	Name = 'Amount' AND ModifierId = 'MODIFIER_CSE_RELIGIOUS_SYNAGOGUE_FAITH_MOD';

UPDATE	ModifierArguments
SET		Value = 3
WHERE	Name = 'Amount' AND ModifierId = 'MODIFIER_CSE_RELIGIOUS_STUPA_FAITH_MOD';

UPDATE	ModifierArguments
SET		Value = 3
WHERE	Name = 'Amount' AND ModifierId = 'MODIFIER_CSE_RELIGIOUS_WAT_FAITH_MOD';