INSERT INTO Types
			(Type,										Kind)
VALUES		('GREAT_PERSON_INDIVIDUAL_SC_ARLEIGH_BURKE',	'KIND_GREAT_PERSON_INDIVIDUAL'),
			('GREAT_PERSON_INDIVIDUAL_SC_HENRY_LEACH',		'KIND_GREAT_PERSON_INDIVIDUAL'),
			('GREAT_PERSON_INDIVIDUAL_SC_JAMES_STAVRIDIS',	'KIND_GREAT_PERSON_INDIVIDUAL'),

			('GREAT_PERSON_INDIVIDUAL_SC_PABLO_PICASSO',	'KIND_GREAT_PERSON_INDIVIDUAL'),
			('GREAT_PERSON_INDIVIDUAL_SC_FRIDA_KAHLO',		'KIND_GREAT_PERSON_INDIVIDUAL'),
			('GREAT_PERSON_INDIVIDUAL_SC_GEORGIA_OKEEFFE',	'KIND_GREAT_PERSON_INDIVIDUAL'),
			('GREAT_PERSON_INDIVIDUAL_SC_ANDY_WARHOL',		'KIND_GREAT_PERSON_INDIVIDUAL'),
			('GREAT_PERSON_INDIVIDUAL_SC_ROY_LICHTENSTEIN',	'KIND_GREAT_PERSON_INDIVIDUAL'),
			('GREAT_PERSON_INDIVIDUAL_SC_JASPER_JOHNS',	'KIND_GREAT_PERSON_INDIVIDUAL'),
			('GREAT_PERSON_INDIVIDUAL_SC_KIKI_KOGELNIK',	'KIND_GREAT_PERSON_INDIVIDUAL'),
			('GREAT_PERSON_INDIVIDUAL_SC_RENE_MAGRITTE',	'KIND_GREAT_PERSON_INDIVIDUAL'),
			('GREAT_PERSON_INDIVIDUAL_SC_YAYOI_KUSAMA',	'KIND_GREAT_PERSON_INDIVIDUAL'),
			('GREAT_PERSON_INDIVIDUAL_SC_BANKSY',			'KIND_GREAT_PERSON_INDIVIDUAL'),
			('GREAT_PERSON_INDIVIDUAL_SC_DAMIEN_HIRST',	'KIND_GREAT_PERSON_INDIVIDUAL'),
			('GREAT_PERSON_INDIVIDUAL_SC_TAKASHI_MURAKAMI',	'KIND_GREAT_PERSON_INDIVIDUAL'),

			('GREAT_PERSON_INDIVIDUAL_SC_ANTONI_GAUDI',	'KIND_GREAT_PERSON_INDIVIDUAL'),
			('GREAT_PERSON_INDIVIDUAL_SC_SANTIAGO_CALATRAVA',	'KIND_GREAT_PERSON_INDIVIDUAL'),
			('GREAT_PERSON_INDIVIDUAL_SC_ZAHA_HADID',		'KIND_GREAT_PERSON_INDIVIDUAL'),
			('GREAT_PERSON_INDIVIDUAL_SC_FRANK_GEHRY',		'KIND_GREAT_PERSON_INDIVIDUAL'),
			('GREAT_PERSON_INDIVIDUAL_SC_ELON_MUSK',		'KIND_GREAT_PERSON_INDIVIDUAL'),

			('GREAT_PERSON_INDIVIDUAL_SC_GEORGE_PATTON',	'KIND_GREAT_PERSON_INDIVIDUAL'),
			('GREAT_PERSON_INDIVIDUAL_SC_COLIN_POWELL',	'KIND_GREAT_PERSON_INDIVIDUAL'),
			('GREAT_PERSON_INDIVIDUAL_SC_NORMAN_SCHWARZKOPF',	'KIND_GREAT_PERSON_INDIVIDUAL'),

			('GREAT_PERSON_INDIVIDUAL_SC_ENZO_FERRARI',	'KIND_GREAT_PERSON_INDIVIDUAL'),
			('GREAT_PERSON_INDIVIDUAL_SC_BILL_GATES',		'KIND_GREAT_PERSON_INDIVIDUAL'),
			('GREAT_PERSON_INDIVIDUAL_SC_MARK_ZUCKERBERG',	'KIND_GREAT_PERSON_INDIVIDUAL'),
			('GREAT_PERSON_INDIVIDUAL_SC_STEVE_JOBS',		'KIND_GREAT_PERSON_INDIVIDUAL'),

			('GREAT_PERSON_INDIVIDUAL_SC_SCOTT_JOPLIN',	'KIND_GREAT_PERSON_INDIVIDUAL'),
			('GREAT_PERSON_INDIVIDUAL_SC_IGOR_STRAVINSKY',	'KIND_GREAT_PERSON_INDIVIDUAL'),
			('GREAT_PERSON_INDIVIDUAL_SC_GEORGE_GERSHWIN',	'KIND_GREAT_PERSON_INDIVIDUAL'),
			('GREAT_PERSON_INDIVIDUAL_SC_ANTONIO_CARLOS_JOBIM',	'KIND_GREAT_PERSON_INDIVIDUAL'),
			('GREAT_PERSON_INDIVIDUAL_SC_DUKE_ELLINGTON',	'KIND_GREAT_PERSON_INDIVIDUAL'),
			('GREAT_PERSON_INDIVIDUAL_SC_ELVIS_PRESLEY',	'KIND_GREAT_PERSON_INDIVIDUAL'),
			('GREAT_PERSON_INDIVIDUAL_SC_GYORGY_LIGETI',	'KIND_GREAT_PERSON_INDIVIDUAL'),
			('GREAT_PERSON_INDIVIDUAL_SC_JOHN_ADAMS',		'KIND_GREAT_PERSON_INDIVIDUAL'),
			('GREAT_PERSON_INDIVIDUAL_SC_CHRISTOPHER_TIN',	'KIND_GREAT_PERSON_INDIVIDUAL'),
			('GREAT_PERSON_INDIVIDUAL_SC_JOHN_WILLIAMS',	'KIND_GREAT_PERSON_INDIVIDUAL'),

			('GREAT_PERSON_INDIVIDUAL_SC_KIMPA_VITA',		'KIND_GREAT_PERSON_INDIVIDUAL'),
			('GREAT_PERSON_INDIVIDUAL_SC_JOHN_CALVIN',			'KIND_GREAT_PERSON_INDIVIDUAL'),
			('GREAT_PERSON_INDIVIDUAL_SC_GURU_NANAK',		'KIND_GREAT_PERSON_INDIVIDUAL'),
			('GREAT_PERSON_INDIVIDUAL_SC_IGNATIUS_OF_LOYOLA',	'KIND_GREAT_PERSON_INDIVIDUAL'),
			('GREAT_PERSON_INDIVIDUAL_SC_CHAITANYA_MAHAPRABHU',	'KIND_GREAT_PERSON_INDIVIDUAL'),

			('GREAT_PERSON_INDIVIDUAL_SC_TIMOTHY_BERNERSLEE',	'KIND_GREAT_PERSON_INDIVIDUAL'),
			('GREAT_PERSON_INDIVIDUAL_SC_MILDRED_DRESSELHAUS',	'KIND_GREAT_PERSON_INDIVIDUAL'),
			('GREAT_PERSON_INDIVIDUAL_SC_SHINYA_YAMANAKA',	'KIND_GREAT_PERSON_INDIVIDUAL'),

			('GREAT_PERSON_INDIVIDUAL_SC_AGATHA_CHRISTIE',	'KIND_GREAT_PERSON_INDIVIDUAL'),
			('GREAT_PERSON_INDIVIDUAL_SC_GABRIEL_GARCIA_MARQUEZ',	'KIND_GREAT_PERSON_INDIVIDUAL'),
			('GREAT_PERSON_INDIVIDUAL_SC_CHINUA_ACHEBE',	'KIND_GREAT_PERSON_INDIVIDUAL'),
			('GREAT_PERSON_INDIVIDUAL_SC_JRR_TOLKIEN',		'KIND_GREAT_PERSON_INDIVIDUAL'),
			('GREAT_PERSON_INDIVIDUAL_SC_GEORGE_RR_MARTIN',	'KIND_GREAT_PERSON_INDIVIDUAL'),
			('GREAT_PERSON_INDIVIDUAL_SC_JK_ROWLING',		'KIND_GREAT_PERSON_INDIVIDUAL'),




			('GREATWORK_SC_PICASSO_1',						'KIND_GREATWORK'),
			('GREATWORK_SC_PICASSO_2',						'KIND_GREATWORK'),
			('GREATWORK_SC_PICASSO_3',						'KIND_GREATWORK'),
			('GREATWORK_SC_KAHLO_1',						'KIND_GREATWORK'),
			('GREATWORK_SC_KAHLO_2',						'KIND_GREATWORK'),
			('GREATWORK_SC_KAHLO_3',						'KIND_GREATWORK'),
			('GREATWORK_SC_OKEEFFE_1',						'KIND_GREATWORK'),
			('GREATWORK_SC_OKEEFFE_2',						'KIND_GREATWORK'),
			('GREATWORK_SC_OKEEFFE_3',						'KIND_GREATWORK'),
			('GREATWORK_SC_WARHOL_1',						'KIND_GREATWORK'),
			('GREATWORK_SC_WARHOL_2',						'KIND_GREATWORK'),
			('GREATWORK_SC_WARHOL_3',						'KIND_GREATWORK'),
			('GREATWORK_SC_LICHTENSTEIN_1',				'KIND_GREATWORK'),
			('GREATWORK_SC_LICHTENSTEIN_2',				'KIND_GREATWORK'),
			('GREATWORK_SC_LICHTENSTEIN_3',				'KIND_GREATWORK'),
			('GREATWORK_SC_JOHNS_1',						'KIND_GREATWORK'),
			('GREATWORK_SC_JOHNS_2',						'KIND_GREATWORK'),
			('GREATWORK_SC_JOHNS_3',						'KIND_GREATWORK'),
			('GREATWORK_SC_KOGELNIK_1',					'KIND_GREATWORK'),
			('GREATWORK_SC_KOGELNIK_2',					'KIND_GREATWORK'),
			('GREATWORK_SC_KOGELNIK_3',					'KIND_GREATWORK'),
			('GREATWORK_SC_MAGRITTE_1',					'KIND_GREATWORK'),
			('GREATWORK_SC_MAGRITTE_2',					'KIND_GREATWORK'),
			('GREATWORK_SC_MAGRITTE_3',					'KIND_GREATWORK'),
			('GREATWORK_SC_KUSAMA_1',						'KIND_GREATWORK'),
			('GREATWORK_SC_KUSAMA_2',						'KIND_GREATWORK'),
			('GREATWORK_SC_KUSAMA_3',						'KIND_GREATWORK'),
			('GREATWORK_SC_BANKSY_1',						'KIND_GREATWORK'),
			('GREATWORK_SC_BANKSY_2',						'KIND_GREATWORK'),
			('GREATWORK_SC_BANKSY_3',						'KIND_GREATWORK'),
			('GREATWORK_SC_HIRST_1',						'KIND_GREATWORK'),
			('GREATWORK_SC_HIRST_2',						'KIND_GREATWORK'),
			('GREATWORK_SC_HIRST_3',						'KIND_GREATWORK'),
			('GREATWORK_SC_MURAKAMI_1',					'KIND_GREATWORK'),
			('GREATWORK_SC_MURAKAMI_2',					'KIND_GREATWORK'),
			('GREATWORK_SC_MURAKAMI_3',					'KIND_GREATWORK'),

			('GREATWORK_SC_SCOTT_JOPLIN_1',				'KIND_GREATWORK'),
			('GREATWORK_SC_SCOTT_JOPLIN_2',				'KIND_GREATWORK'),
			('GREATWORK_SC_IGOR_STRAVINSKY_1',				'KIND_GREATWORK'),
			('GREATWORK_SC_IGOR_STRAVINSKY_2',				'KIND_GREATWORK'),
			('GREATWORK_SC_GEORGE_GERSHWIN_1',				'KIND_GREATWORK'),
			('GREATWORK_SC_GEORGE_GERSHWIN_2',				'KIND_GREATWORK'),
			('GREATWORK_SC_ANTONIO_CARLOS_JOBIM_1',		'KIND_GREATWORK'),
			('GREATWORK_SC_ANTONIO_CARLOS_JOBIM_2',		'KIND_GREATWORK'),
			('GREATWORK_SC_DUKE_ELLINGTON_1',				'KIND_GREATWORK'),
			('GREATWORK_SC_DUKE_ELLINGTON_2',				'KIND_GREATWORK'),
			('GREATWORK_SC_ELVIS_PRESLEY_1',				'KIND_GREATWORK'),
			('GREATWORK_SC_ELVIS_PRESLEY_2',				'KIND_GREATWORK'),
			('GREATWORK_SC_GYORGY_LIGETI_1',				'KIND_GREATWORK'),
			('GREATWORK_SC_GYORGY_LIGETI_2',				'KIND_GREATWORK'),
			('GREATWORK_SC_JOHN_ADAMS_1',					'KIND_GREATWORK'),
			('GREATWORK_SC_JOHN_ADAMS_2',					'KIND_GREATWORK'),
			('GREATWORK_SC_CHRISTOPHER_TIN_1',				'KIND_GREATWORK'),
			('GREATWORK_SC_CHRISTOPHER_TIN_2',				'KIND_GREATWORK'),
			('GREATWORK_SC_JOHN_WILLIAMS_1',				'KIND_GREATWORK'),
			('GREATWORK_SC_JOHN_WILLIAMS_2',				'KIND_GREATWORK'),

			('GREATWORK_SC_AGATHA_CHRISTIE_1',				'KIND_GREATWORK'),
			('GREATWORK_SC_AGATHA_CHRISTIE_2',				'KIND_GREATWORK'),
			('GREATWORK_SC_GABRIEL_GARCIA_MARQUEZ_1',		'KIND_GREATWORK'),
			('GREATWORK_SC_GABRIEL_GARCIA_MARQUEZ_2',		'KIND_GREATWORK'),
			('GREATWORK_SC_CHINUA_ACHEBE_1',				'KIND_GREATWORK'),
			('GREATWORK_SC_CHINUA_ACHEBE_2',				'KIND_GREATWORK'),
			('GREATWORK_SC_JRR_TOLKIEN_1',					'KIND_GREATWORK'),
			('GREATWORK_SC_JRR_TOLKIEN_2',					'KIND_GREATWORK'),
			('GREATWORK_SC_GEORGE_RR_MARTIN_1',			'KIND_GREATWORK'),
			('GREATWORK_SC_GEORGE_RR_MARTIN_2',			'KIND_GREATWORK'),
			('GREATWORK_SC_JK_ROWLING_1',					'KIND_GREATWORK'),
			('GREATWORK_SC_JK_ROWLING_2',					'KIND_GREATWORK');



--- ARTISTS/MUSICIANS/PROPHETS/WRITERS


INSERT INTO GreatPersonIndividuals
			(GreatPersonIndividualType,						Name,													GreatPersonClassType,			EraType,			Gender,	ActionCharges)
VALUES		('GREAT_PERSON_INDIVIDUAL_SC_PABLO_PICASSO',		'LOC_GREAT_PERSON_INDIVIDUAL_SC_PABLO_PICASSO_NAME',		'GREAT_PERSON_CLASS_ARTIST',	'ERA_MODERN',		'M',	0),
			('GREAT_PERSON_INDIVIDUAL_SC_FRIDA_KAHLO',			'LOC_GREAT_PERSON_INDIVIDUAL_SC_FRIDA_KAHLO_NAME',			'GREAT_PERSON_CLASS_ARTIST',	'ERA_MODERN',		'F',	0),
			('GREAT_PERSON_INDIVIDUAL_SC_GEORGIA_OKEEFFE',		'LOC_GREAT_PERSON_INDIVIDUAL_SC_GEORGIA_OKEEFFE_NAME',		'GREAT_PERSON_CLASS_ARTIST',	'ERA_MODERN',		'F',	0),
			('GREAT_PERSON_INDIVIDUAL_SC_ANDY_WARHOL',			'LOC_GREAT_PERSON_INDIVIDUAL_SC_ANDY_WARHOL_NAME',			'GREAT_PERSON_CLASS_ARTIST',	'ERA_ATOMIC',		'M',	0),
			('GREAT_PERSON_INDIVIDUAL_SC_ROY_LICHTENSTEIN',	'LOC_GREAT_PERSON_INDIVIDUAL_SC_ROY_LICHTENSTEIN_NAME',	'GREAT_PERSON_CLASS_ARTIST',	'ERA_ATOMIC',		'M',	0),
			('GREAT_PERSON_INDIVIDUAL_SC_JASPER_JOHNS',		'LOC_GREAT_PERSON_INDIVIDUAL_SC_JASPER_JOHNS_NAME',		'GREAT_PERSON_CLASS_ARTIST',	'ERA_ATOMIC',		'M',	0),
			('GREAT_PERSON_INDIVIDUAL_SC_KIKI_KOGELNIK',		'LOC_GREAT_PERSON_INDIVIDUAL_SC_KIKI_KOGELNIK_NAME',		'GREAT_PERSON_CLASS_ARTIST',	'ERA_ATOMIC',		'F',	0),
			('GREAT_PERSON_INDIVIDUAL_SC_RENE_MAGRITTE',		'LOC_GREAT_PERSON_INDIVIDUAL_SC_RENE_MAGRITTE_NAME',		'GREAT_PERSON_CLASS_ARTIST',	'ERA_ATOMIC',		'M',	0),
			('GREAT_PERSON_INDIVIDUAL_SC_YAYOI_KUSAMA',		'LOC_GREAT_PERSON_INDIVIDUAL_SC_YAYOI_KUSAMA_NAME',		'GREAT_PERSON_CLASS_ARTIST',	'ERA_INFORMATION',	'F',	0),
			('GREAT_PERSON_INDIVIDUAL_SC_BANKSY',				'LOC_GREAT_PERSON_INDIVIDUAL_SC_BANKSY_NAME',				'GREAT_PERSON_CLASS_ARTIST',	'ERA_INFORMATION',	'M',	0),
			('GREAT_PERSON_INDIVIDUAL_SC_DAMIEN_HIRST',		'LOC_GREAT_PERSON_INDIVIDUAL_SC_DAMIEN_HIRST_NAME',		'GREAT_PERSON_CLASS_ARTIST',	'ERA_INFORMATION',	'M',	0),
			('GREAT_PERSON_INDIVIDUAL_SC_TAKASHI_MURAKAMI',	'LOC_GREAT_PERSON_INDIVIDUAL_SC_TAKASHI_MURAKAMI_NAME',	'GREAT_PERSON_CLASS_ARTIST',	'ERA_INFORMATION',	'M',	0),

			('GREAT_PERSON_INDIVIDUAL_SC_SCOTT_JOPLIN',		'LOC_GREAT_PERSON_INDIVIDUAL_SC_SCOTT_JOPLIN_NAME',		'GREAT_PERSON_CLASS_MUSICIAN',	'ERA_MODERN',		'M',	0),
			('GREAT_PERSON_INDIVIDUAL_SC_IGOR_STRAVINSKY',		'LOC_GREAT_PERSON_INDIVIDUAL_SC_IGOR_STRAVINSKY_NAME',		'GREAT_PERSON_CLASS_MUSICIAN',	'ERA_MODERN',		'M',	0),
			('GREAT_PERSON_INDIVIDUAL_SC_GEORGE_GERSHWIN',		'LOC_GREAT_PERSON_INDIVIDUAL_SC_GEORGE_GERSHWIN_NAME',		'GREAT_PERSON_CLASS_MUSICIAN',	'ERA_MODERN',		'M',	0),
			('GREAT_PERSON_INDIVIDUAL_SC_ANTONIO_CARLOS_JOBIM',	'LOC_GREAT_PERSON_INDIVIDUAL_SC_ANTONIO_CARLOS_JOBIM_NAME',	'GREAT_PERSON_CLASS_MUSICIAN',	'ERA_ATOMIC',	'M',	0),
			('GREAT_PERSON_INDIVIDUAL_SC_DUKE_ELLINGTON',		'LOC_GREAT_PERSON_INDIVIDUAL_SC_DUKE_ELLINGTON_NAME',		'GREAT_PERSON_CLASS_MUSICIAN',	'ERA_ATOMIC',		'M',	0),
			('GREAT_PERSON_INDIVIDUAL_SC_ELVIS_PRESLEY',		'LOC_GREAT_PERSON_INDIVIDUAL_SC_ELVIS_PRESLEY_NAME',		'GREAT_PERSON_CLASS_MUSICIAN',	'ERA_ATOMIC',		'M',	0),
			('GREAT_PERSON_INDIVIDUAL_SC_GYORGY_LIGETI',		'LOC_GREAT_PERSON_INDIVIDUAL_SC_GYORGY_LIGETI_NAME',		'GREAT_PERSON_CLASS_MUSICIAN',	'ERA_ATOMIC',		'M',	0),
			('GREAT_PERSON_INDIVIDUAL_SC_JOHN_ADAMS',			'LOC_GREAT_PERSON_INDIVIDUAL_SC_JOHN_ADAMS_NAME',			'GREAT_PERSON_CLASS_MUSICIAN',	'ERA_ATOMIC',		'M',	0),
			('GREAT_PERSON_INDIVIDUAL_SC_CHRISTOPHER_TIN',		'LOC_GREAT_PERSON_INDIVIDUAL_SC_CHRISTOPHER_TIN_NAME',		'GREAT_PERSON_CLASS_MUSICIAN',	'ERA_INFORMATION',	'M',	0),
			('GREAT_PERSON_INDIVIDUAL_SC_JOHN_WILLIAMS',		'LOC_GREAT_PERSON_INDIVIDUAL_SC_JOHN_WILLIAMS_NAME',		'GREAT_PERSON_CLASS_MUSICIAN',	'ERA_INFORMATION',	'M',	0),

			('GREAT_PERSON_INDIVIDUAL_SC_KIMPA_VITA',			'LOC_GREAT_PERSON_INDIVIDUAL_SC_KIMPA_VITA_NAME',			'GREAT_PERSON_CLASS_PROPHET',	'ERA_RENAISSANCE',	'F',	0),
			('GREAT_PERSON_INDIVIDUAL_SC_JOHN_CALVIN',			'LOC_GREAT_PERSON_INDIVIDUAL_SC_JOHN_CALVIN_NAME',			'GREAT_PERSON_CLASS_PROPHET',	'ERA_RENAISSANCE',	'M',	0),
			('GREAT_PERSON_INDIVIDUAL_SC_GURU_NANAK',			'LOC_GREAT_PERSON_INDIVIDUAL_SC_GURU_NANAK_NAME',			'GREAT_PERSON_CLASS_PROPHET',	'ERA_RENAISSANCE',	'M',	0),
			('GREAT_PERSON_INDIVIDUAL_SC_IGNATIUS_OF_LOYOLA',	'LOC_GREAT_PERSON_INDIVIDUAL_SC_IGNATIUS_OF_LOYOLA_NAME',	'GREAT_PERSON_CLASS_PROPHET',	'ERA_RENAISSANCE',	'M',	0),
			('GREAT_PERSON_INDIVIDUAL_SC_CHAITANYA_MAHAPRABHU',	'LOC_GREAT_PERSON_INDIVIDUAL_SC_CHAITANYA_MAHAPRABHU_NAME',	'GREAT_PERSON_CLASS_PROPHET',	'ERA_RENAISSANCE',	'M',	0),

			('GREAT_PERSON_INDIVIDUAL_SC_AGATHA_CHRISTIE',		'LOC_GREAT_PERSON_INDIVIDUAL_SC_AGATHA_CHRISTIE_NAME',		'GREAT_PERSON_CLASS_WRITER',	'ERA_MODERN',		'F',	0),
			('GREAT_PERSON_INDIVIDUAL_SC_GABRIEL_GARCIA_MARQUEZ',	'LOC_GREAT_PERSON_INDIVIDUAL_SC_GABRIEL_GARCIA_MARQUEZ_NAME',	'GREAT_PERSON_CLASS_WRITER',	'ERA_ATOMIC',		'M',	0),
			('GREAT_PERSON_INDIVIDUAL_SC_CHINUA_ACHEBE',		'LOC_GREAT_PERSON_INDIVIDUAL_SC_CHINUA_ACHEBE_NAME',		'GREAT_PERSON_CLASS_WRITER',	'ERA_ATOMIC',		'M',	0),
			('GREAT_PERSON_INDIVIDUAL_SC_JRR_TOLKIEN',			'LOC_GREAT_PERSON_INDIVIDUAL_SC_JRR_TOLKIEN_NAME',			'GREAT_PERSON_CLASS_WRITER',	'ERA_ATOMIC',		'M',	0),
			('GREAT_PERSON_INDIVIDUAL_SC_GEORGE_RR_MARTIN',	'LOC_GREAT_PERSON_INDIVIDUAL_SC_GEORGE_RR_MARTIN_NAME',	'GREAT_PERSON_CLASS_WRITER',	'ERA_INFORMATION',	'M',	0),
			('GREAT_PERSON_INDIVIDUAL_SC_JK_ROWLING',			'LOC_GREAT_PERSON_INDIVIDUAL_SC_JK_ROWLING_NAME',			'GREAT_PERSON_CLASS_WRITER',	'ERA_INFORMATION',	'F',	0);

INSERT INTO GreatWorks
			(GreatWorkType,					GreatWorkObjectType,			GreatPersonIndividualType,						Name,									Image,								Tourism)
VALUES		('GREATWORK_SC_PICASSO_1',			'GREATWORKOBJECT_PORTRAIT',		'GREAT_PERSON_INDIVIDUAL_SC_PABLO_PICASSO',		'LOC_GREATWORK_SC_PICASSO_1_NAME',			'GREATWORK_IMAGE_SC_PICASSO_1',		2),
			('GREATWORK_SC_PICASSO_2',			'GREATWORKOBJECT_LANDSCAPE',	'GREAT_PERSON_INDIVIDUAL_SC_PABLO_PICASSO',		'LOC_GREATWORK_SC_PICASSO_2_NAME',			'GREATWORK_IMAGE_SC_PICASSO_2',		2),
			('GREATWORK_SC_PICASSO_3',			'GREATWORKOBJECT_PORTRAIT',		'GREAT_PERSON_INDIVIDUAL_SC_PABLO_PICASSO',		'LOC_GREATWORK_SC_PICASSO_3_NAME',			'GREATWORK_IMAGE_SC_PICASSO_3',		2),
			('GREATWORK_SC_KAHLO_1',			'GREATWORKOBJECT_PORTRAIT',		'GREAT_PERSON_INDIVIDUAL_SC_FRIDA_KAHLO',			'LOC_GREATWORK_SC_KAHLO_1_NAME',			'GREATWORK_IMAGE_SC_KAHLO_1',			2),
			('GREATWORK_SC_KAHLO_2',			'GREATWORKOBJECT_PORTRAIT',		'GREAT_PERSON_INDIVIDUAL_SC_FRIDA_KAHLO',			'LOC_GREATWORK_SC_KAHLO_2_NAME',			'GREATWORK_IMAGE_SC_KAHLO_2',			2),
			('GREATWORK_SC_KAHLO_3',			'GREATWORKOBJECT_LANDSCAPE',	'GREAT_PERSON_INDIVIDUAL_SC_FRIDA_KAHLO',			'LOC_GREATWORK_SC_KAHLO_3_NAME',			'GREATWORK_IMAGE_SC_KAHLO_3',			2),
			('GREATWORK_SC_OKEEFFE_1',			'GREATWORKOBJECT_PORTRAIT',		'GREAT_PERSON_INDIVIDUAL_SC_GEORGIA_OKEEFFE',		'LOC_GREATWORK_SC_OKEEFFE_1_NAME',			'GREATWORK_IMAGE_SC_OKEEFFE_1',		2),
			('GREATWORK_SC_OKEEFFE_2',			'GREATWORKOBJECT_LANDSCAPE',	'GREAT_PERSON_INDIVIDUAL_SC_GEORGIA_OKEEFFE',		'LOC_GREATWORK_SC_OKEEFFE_2_NAME',			'GREATWORK_IMAGE_SC_OKEEFFE_2',		2),
			('GREATWORK_SC_OKEEFFE_3',			'GREATWORKOBJECT_PORTRAIT',		'GREAT_PERSON_INDIVIDUAL_SC_GEORGIA_OKEEFFE',		'LOC_GREATWORK_SC_OKEEFFE_3_NAME',			'GREATWORK_IMAGE_SC_OKEEFFE_3',		2),
			('GREATWORK_SC_WARHOL_1',			'GREATWORKOBJECT_LANDSCAPE',	'GREAT_PERSON_INDIVIDUAL_SC_ANDY_WARHOL',			'LOC_GREATWORK_SC_WARHOL_1_NAME',			'GREATWORK_IMAGE_SC_WARHOL_1',			2),
			('GREATWORK_SC_WARHOL_2',			'GREATWORKOBJECT_PORTRAIT',		'GREAT_PERSON_INDIVIDUAL_SC_ANDY_WARHOL',			'LOC_GREATWORK_SC_WARHOL_2_NAME',			'GREATWORK_IMAGE_SC_WARHOL_2',			2),
			('GREATWORK_SC_WARHOL_3',			'GREATWORKOBJECT_PORTRAIT',		'GREAT_PERSON_INDIVIDUAL_SC_ANDY_WARHOL',			'LOC_GREATWORK_SC_WARHOL_3_NAME',			'GREATWORK_IMAGE_SC_WARHOL_3',			2),
			('GREATWORK_SC_LICHTENSTEIN_1',	'GREATWORKOBJECT_PORTRAIT',		'GREAT_PERSON_INDIVIDUAL_SC_ROY_LICHTENSTEIN',	'LOC_GREATWORK_SC_LICHTENSTEIN_1_NAME',	'GREATWORK_IMAGE_SC_LICHTENSTEIN_1',	2),
			('GREATWORK_SC_LICHTENSTEIN_2',	'GREATWORKOBJECT_LANDSCAPE',	'GREAT_PERSON_INDIVIDUAL_SC_ROY_LICHTENSTEIN',	'LOC_GREATWORK_SC_LICHTENSTEIN_2_NAME',	'GREATWORK_IMAGE_SC_LICHTENSTEIN_2',	2),
			('GREATWORK_SC_LICHTENSTEIN_3',	'GREATWORKOBJECT_LANDSCAPE',	'GREAT_PERSON_INDIVIDUAL_SC_ROY_LICHTENSTEIN',	'LOC_GREATWORK_SC_LICHTENSTEIN_3_NAME',	'GREATWORK_IMAGE_SC_LICHTENSTEIN_3',	2),
			('GREATWORK_SC_JOHNS_1',			'GREATWORKOBJECT_LANDSCAPE',	'GREAT_PERSON_INDIVIDUAL_SC_JASPER_JOHNS',			'LOC_GREATWORK_SC_JOHNS_1_NAME',			'GREATWORK_IMAGE_SC_JOHNS_1',			2),
			('GREATWORK_SC_JOHNS_2',			'GREATWORKOBJECT_LANDSCAPE',	'GREAT_PERSON_INDIVIDUAL_SC_JASPER_JOHNS',			'LOC_GREATWORK_SC_JOHNS_2_NAME',			'GREATWORK_IMAGE_SC_JOHNS_2',			2),
			('GREATWORK_SC_JOHNS_3',			'GREATWORKOBJECT_PORTRAIT',		'GREAT_PERSON_INDIVIDUAL_SC_JASPER_JOHNS',			'LOC_GREATWORK_SC_JOHNS_3_NAME',			'GREATWORK_IMAGE_SC_JOHNS_3',			2),
			('GREATWORK_SC_KOGELNIK_1',		'GREATWORKOBJECT_PORTRAIT',		'GREAT_PERSON_INDIVIDUAL_SC_KIKI_KOGELNIK',		'LOC_GREATWORK_SC_KOGELNIK_1_NAME',		'GREATWORK_IMAGE_SC_KOGELNIK_1',		2),
			('GREATWORK_SC_KOGELNIK_2',		'GREATWORKOBJECT_PORTRAIT',		'GREAT_PERSON_INDIVIDUAL_SC_KIKI_KOGELNIK',		'LOC_GREATWORK_SC_KOGELNIK_2_NAME',		'GREATWORK_IMAGE_SC_KOGELNIK_2',		2),
			('GREATWORK_SC_KOGELNIK_3',		'GREATWORKOBJECT_PORTRAIT',		'GREAT_PERSON_INDIVIDUAL_SC_KIKI_KOGELNIK',		'LOC_GREATWORK_SC_KOGELNIK_3_NAME',		'GREATWORK_IMAGE_SC_KOGELNIK_3',		2),
			('GREATWORK_SC_MAGRITTE_1',		'GREATWORKOBJECT_LANDSCAPE',	'GREAT_PERSON_INDIVIDUAL_SC_RENE_MAGRITTE',		'LOC_GREATWORK_SC_MAGRITTE_1_NAME',		'GREATWORK_IMAGE_SC_MAGRITTE_1',		2),
			('GREATWORK_SC_MAGRITTE_2',		'GREATWORKOBJECT_PORTRAIT',		'GREAT_PERSON_INDIVIDUAL_SC_RENE_MAGRITTE',		'LOC_GREATWORK_SC_MAGRITTE_2_NAME',		'GREATWORK_IMAGE_SC_MAGRITTE_2',		2),
			('GREATWORK_SC_MAGRITTE_3',		'GREATWORKOBJECT_PORTRAIT',		'GREAT_PERSON_INDIVIDUAL_SC_RENE_MAGRITTE',		'LOC_GREATWORK_SC_MAGRITTE_3_NAME',		'GREATWORK_IMAGE_SC_MAGRITTE_3',		2),
			('GREATWORK_SC_KUSAMA_1',			'GREATWORKOBJECT_SCULPTURE',	'GREAT_PERSON_INDIVIDUAL_SC_YAYOI_KUSAMA',			'LOC_GREATWORK_SC_KUSAMA_1_NAME',			'GREATWORK_IMAGE_SC_KUSAMA_1',			2),
			('GREATWORK_SC_KUSAMA_2',			'GREATWORKOBJECT_PORTRAIT',		'GREAT_PERSON_INDIVIDUAL_SC_YAYOI_KUSAMA',			'LOC_GREATWORK_SC_KUSAMA_2_NAME',			'GREATWORK_IMAGE_SC_KUSAMA_2',			2),
			('GREATWORK_SC_KUSAMA_3',			'GREATWORKOBJECT_PORTRAIT',	'GREAT_PERSON_INDIVIDUAL_SC_YAYOI_KUSAMA',			'LOC_GREATWORK_SC_KUSAMA_3_NAME',			'GREATWORK_IMAGE_SC_KUSAMA_3',			2),
			('GREATWORK_SC_BANKSY_1',			'GREATWORKOBJECT_LANDSCAPE',	'GREAT_PERSON_INDIVIDUAL_SC_BANKSY',				'LOC_GREATWORK_SC_BANKSY_1_NAME',			'GREATWORK_IMAGE_SC_BANKSY_1',			2),
			('GREATWORK_SC_BANKSY_2',			'GREATWORKOBJECT_PORTRAIT',		'GREAT_PERSON_INDIVIDUAL_SC_BANKSY',				'LOC_GREATWORK_SC_BANKSY_2_NAME',			'GREATWORK_IMAGE_SC_BANKSY_2',			2),
			('GREATWORK_SC_BANKSY_3',			'GREATWORKOBJECT_PORTRAIT',		'GREAT_PERSON_INDIVIDUAL_SC_BANKSY',				'LOC_GREATWORK_SC_BANKSY_3_NAME',			'GREATWORK_IMAGE_SC_BANKSY_3',			2),
			('GREATWORK_SC_HIRST_1',			'GREATWORKOBJECT_SCULPTURE',	'GREAT_PERSON_INDIVIDUAL_SC_DAMIEN_HIRST',			'LOC_GREATWORK_SC_HIRST_1_NAME',			'GREATWORK_IMAGE_SC_HIRST_1',			2),
			('GREATWORK_SC_HIRST_2',			'GREATWORKOBJECT_SCULPTURE',	'GREAT_PERSON_INDIVIDUAL_SC_DAMIEN_HIRST',			'LOC_GREATWORK_SC_HIRST_2_NAME',			'GREATWORK_IMAGE_SC_HIRST_2',			2),
			('GREATWORK_SC_HIRST_3',			'GREATWORKOBJECT_SCULPTURE',	'GREAT_PERSON_INDIVIDUAL_SC_DAMIEN_HIRST',			'LOC_GREATWORK_SC_HIRST_3_NAME',			'GREATWORK_IMAGE_SC_HIRST_3',			2),
			('GREATWORK_SC_MURAKAMI_1',		'GREATWORKOBJECT_PORTRAIT',		'GREAT_PERSON_INDIVIDUAL_SC_TAKASHI_MURAKAMI',		'LOC_GREATWORK_SC_MURAKAMI_1_NAME',		'GREATWORK_IMAGE_SC_MURAKAMI_1',		2),
			('GREATWORK_SC_MURAKAMI_2',		'GREATWORKOBJECT_LANDSCAPE',	'GREAT_PERSON_INDIVIDUAL_SC_TAKASHI_MURAKAMI',		'LOC_GREATWORK_SC_MURAKAMI_2_NAME',		'GREATWORK_IMAGE_SC_MURAKAMI_2',		2),
			('GREATWORK_SC_MURAKAMI_3',		'GREATWORKOBJECT_PORTRAIT',	'GREAT_PERSON_INDIVIDUAL_SC_TAKASHI_MURAKAMI',		'LOC_GREATWORK_SC_MURAKAMI_3_NAME',		'GREATWORK_IMAGE_SC_MURAKAMI_3',		2);

INSERT INTO GreatWorks
			(GreatWorkType,					GreatWorkObjectType,			GreatPersonIndividualType,						Name,											Audio,					Tourism)
VALUES		('GREATWORK_SC_SCOTT_JOPLIN_1',	'GREATWORKOBJECT_MUSIC',		'GREAT_PERSON_INDIVIDUAL_SC_SCOTT_JOPLIN',			'LOC_GREATWORK_SC_SCOTT_JOPLIN_1_NAME',			'MapleLeaf',			4),
			('GREATWORK_SC_SCOTT_JOPLIN_2',	'GREATWORKOBJECT_MUSIC',		'GREAT_PERSON_INDIVIDUAL_SC_SCOTT_JOPLIN',			'LOC_GREATWORK_SC_SCOTT_JOPLIN_2_NAME',			'Entertainer',			4),
			('GREATWORK_SC_IGOR_STRAVINSKY_1',	'GREATWORKOBJECT_MUSIC',		'GREAT_PERSON_INDIVIDUAL_SC_IGOR_STRAVINSKY',		'LOC_GREATWORK_SC_IGOR_STRAVINSKY_1_NAME',			'Firebird',				4),
			('GREATWORK_SC_IGOR_STRAVINSKY_2',	'GREATWORKOBJECT_MUSIC',		'GREAT_PERSON_INDIVIDUAL_SC_IGOR_STRAVINSKY',		'LOC_GREATWORK_SC_IGOR_STRAVINSKY_2_NAME',			'RiteofSpring',			4),
			('GREATWORK_SC_GEORGE_GERSHWIN_1',	'GREATWORKOBJECT_MUSIC',		'GREAT_PERSON_INDIVIDUAL_SC_GEORGE_GERSHWIN',		'LOC_GREATWORK_SC_GEORGE_GERSHWIN_1_NAME',			'Rhapsody',				4),
			('GREATWORK_SC_GEORGE_GERSHWIN_2',	'GREATWORKOBJECT_MUSIC',		'GREAT_PERSON_INDIVIDUAL_SC_GEORGE_GERSHWIN',		'LOC_GREATWORK_SC_GEORGE_GERSHWIN_2_NAME',			'AmericaninParis',		4),
			('GREATWORK_SC_ANTONIO_CARLOS_JOBIM_1',	'GREATWORKOBJECT_MUSIC',	'GREAT_PERSON_INDIVIDUAL_SC_ANTONIO_CARLOS_JOBIM',		'LOC_GREATWORK_SC_ANTONIO_CARLOS_JOBIM_1_NAME',	'Chega',		4),
			('GREATWORK_SC_ANTONIO_CARLOS_JOBIM_2',	'GREATWORKOBJECT_MUSIC',	'GREAT_PERSON_INDIVIDUAL_SC_ANTONIO_CARLOS_JOBIM',		'LOC_GREATWORK_SC_ANTONIO_CARLOS_JOBIM_2_NAME',	'Ipanema',		4),
			('GREATWORK_SC_DUKE_ELLINGTON_1',	'GREATWORKOBJECT_MUSIC',		'GREAT_PERSON_INDIVIDUAL_SC_DUKE_ELLINGTON',		'LOC_GREATWORK_SC_DUKE_ELLINGTON_1_NAME',			'ATrain',		4),
			('GREATWORK_SC_DUKE_ELLINGTON_2',	'GREATWORKOBJECT_MUSIC',		'GREAT_PERSON_INDIVIDUAL_SC_DUKE_ELLINGTON',		'LOC_GREATWORK_SC_DUKE_ELLINGTON_2_NAME',			'Caravan',				4),
			('GREATWORK_SC_ELVIS_PRESLEY_1',	'GREATWORKOBJECT_MUSIC',		'GREAT_PERSON_INDIVIDUAL_SC_ELVIS_PRESLEY',		'LOC_GREATWORK_SC_ELVIS_PRESLEY_1_NAME',			'Jailhouse',			4),
			('GREATWORK_SC_ELVIS_PRESLEY_2',	'GREATWORKOBJECT_MUSIC',		'GREAT_PERSON_INDIVIDUAL_SC_ELVIS_PRESLEY',		'LOC_GREATWORK_SC_ELVIS_PRESLEY_2_NAME',			'Hounddog',				4),
			('GREATWORK_SC_GYORGY_LIGETI_1',	'GREATWORKOBJECT_MUSIC',		'GREAT_PERSON_INDIVIDUAL_SC_GYORGY_LIGETI',		'LOC_GREATWORK_SC_GYORGY_LIGETI_1_NAME',			'Atmospheres',			4),
			('GREATWORK_SC_GYORGY_LIGETI_2',	'GREATWORKOBJECT_MUSIC',		'GREAT_PERSON_INDIVIDUAL_SC_GYORGY_LIGETI',		'LOC_GREATWORK_SC_GYORGY_LIGETI_2_NAME',			'Lux',					4),
			('GREATWORK_SC_JOHN_ADAMS_1',		'GREATWORKOBJECT_MUSIC',		'GREAT_PERSON_INDIVIDUAL_SC_JOHN_ADAMS',			'LOC_GREATWORK_SC_JOHN_ADAMS_1_NAME',				'ShakerLoops',			4),
			('GREATWORK_SC_JOHN_ADAMS_2',		'GREATWORKOBJECT_MUSIC',		'GREAT_PERSON_INDIVIDUAL_SC_JOHN_ADAMS',			'LOC_GREATWORK_SC_JOHN_ADAMS_2_NAME',				'PeopleAretheHeroes',	4),
			('GREATWORK_SC_CHRISTOPHER_TIN_1',	'GREATWORKOBJECT_MUSIC',		'GREAT_PERSON_INDIVIDUAL_SC_CHRISTOPHER_TIN',		'LOC_GREATWORK_SC_CHRISTOPHER_TIN_1_NAME',			'Baba',					4),
			('GREATWORK_SC_CHRISTOPHER_TIN_2',	'GREATWORKOBJECT_MUSIC',		'GREAT_PERSON_INDIVIDUAL_SC_CHRISTOPHER_TIN',		'LOC_GREATWORK_SC_CHRISTOPHER_TIN_2_NAME',			'TinSognoSogno',		4),
			('GREATWORK_SC_JOHN_WILLIAMS_1',	'GREATWORKOBJECT_MUSIC',		'GREAT_PERSON_INDIVIDUAL_SC_JOHN_WILLIAMS',		'LOC_GREATWORK_SC_JOHN_WILLIAMS_1_NAME',			'StarWars',				4),
			('GREATWORK_SC_JOHN_WILLIAMS_2',	'GREATWORKOBJECT_MUSIC',		'GREAT_PERSON_INDIVIDUAL_SC_JOHN_WILLIAMS',		'LOC_GREATWORK_SC_JOHN_WILLIAMS_2_NAME',			'HarryPotter',			4);

INSERT INTO GreatWorks
			(GreatWorkType,					GreatWorkObjectType,			GreatPersonIndividualType,						Name,											Quote,										Tourism,	Audio)
VALUES		('GREATWORK_SC_AGATHA_CHRISTIE_1',	'GREATWORKOBJECT_WRITING',		'GREAT_PERSON_INDIVIDUAL_SC_AGATHA_CHRISTIE',		'LOC_GREATWORK_SC_AGATHA_CHRISTIE_1_NAME',			'LOC_GREATWORK_SC_AGATHA_CHRISTIE_1_QUOTE',	2,			''),
			('GREATWORK_SC_AGATHA_CHRISTIE_2',	'GREATWORKOBJECT_WRITING',		'GREAT_PERSON_INDIVIDUAL_SC_AGATHA_CHRISTIE',		'LOC_GREATWORK_SC_AGATHA_CHRISTIE_2_NAME',			'LOC_GREATWORK_SC_AGATHA_CHRISTIE_2_QUOTE',	2,			''),
			('GREATWORK_SC_GABRIEL_GARCIA_MARQUEZ_1',	'GREATWORKOBJECT_WRITING',		'GREAT_PERSON_INDIVIDUAL_SC_GABRIEL_GARCIA_MARQUEZ',	'LOC_GREATWORK_SC_GABRIEL_GARCIA_MARQUEZ_1_NAME',	'LOC_GREATWORK_SC_GABRIEL_GARCIA_MARQUEZ_1_QUOTE',	2,	''),
			('GREATWORK_SC_GABRIEL_GARCIA_MARQUEZ_2',	'GREATWORKOBJECT_WRITING',		'GREAT_PERSON_INDIVIDUAL_SC_GABRIEL_GARCIA_MARQUEZ',	'LOC_GREATWORK_SC_GABRIEL_GARCIA_MARQUEZ_2_NAME',	'LOC_GREATWORK_SC_GABRIEL_GARCIA_MARQUEZ_2_QUOTE',	2,	''),
			('GREATWORK_SC_CHINUA_ACHEBE_1',	'GREATWORKOBJECT_WRITING',		'GREAT_PERSON_INDIVIDUAL_SC_CHINUA_ACHEBE',		'LOC_GREATWORK_SC_CHINUA_ACHEBE_1_NAME',			'LOC_GREATWORK_SC_CHINUA_ACHEBE_1_QUOTE',		2,			''),
			('GREATWORK_SC_CHINUA_ACHEBE_2',	'GREATWORKOBJECT_WRITING',		'GREAT_PERSON_INDIVIDUAL_SC_CHINUA_ACHEBE',		'LOC_GREATWORK_SC_CHINUA_ACHEBE_2_NAME',			'LOC_GREATWORK_SC_CHINUA_ACHEBE_2_QUOTE',		2,			''),
			('GREATWORK_SC_JRR_TOLKIEN_1',		'GREATWORKOBJECT_WRITING',		'GREAT_PERSON_INDIVIDUAL_SC_JRR_TOLKIEN',			'LOC_GREATWORK_SC_JRR_TOLKIEN_1_NAME',				'LOC_GREATWORK_SC_JRR_TOLKIEN_1_QUOTE',		2,			''),
			('GREATWORK_SC_JRR_TOLKIEN_2',		'GREATWORKOBJECT_WRITING',		'GREAT_PERSON_INDIVIDUAL_SC_JRR_TOLKIEN',			'LOC_GREATWORK_SC_JRR_TOLKIEN_2_NAME',				'LOC_GREATWORK_SC_JRR_TOLKIEN_2_QUOTE',		2,			''),
			('GREATWORK_SC_GEORGE_RR_MARTIN_1',	'GREATWORKOBJECT_WRITING',		'GREAT_PERSON_INDIVIDUAL_SC_GEORGE_RR_MARTIN',	'LOC_GREATWORK_SC_GEORGE_RR_MARTIN_1_NAME',		'LOC_GREATWORK_SC_GEORGE_RR_MARTIN_1_QUOTE',	2,			''),
			('GREATWORK_SC_GEORGE_RR_MARTIN_2',	'GREATWORKOBJECT_WRITING',		'GREAT_PERSON_INDIVIDUAL_SC_GEORGE_RR_MARTIN',	'LOC_GREATWORK_SC_GEORGE_RR_MARTIN_2_NAME',		'LOC_GREATWORK_SC_GEORGE_RR_MARTIN_2_QUOTE',	2,			''),
			('GREATWORK_SC_JK_ROWLING_1',		'GREATWORKOBJECT_WRITING',		'GREAT_PERSON_INDIVIDUAL_SC_JK_ROWLING',			'LOC_GREATWORK_SC_JK_ROWLING_1_NAME',				'LOC_GREATWORK_SC_JK_ROWLING_1_QUOTE',			2,			''),
			('GREATWORK_SC_JK_ROWLING_2',		'GREATWORKOBJECT_WRITING',		'GREAT_PERSON_INDIVIDUAL_SC_JK_ROWLING',			'LOC_GREATWORK_SC_JK_ROWLING_2_NAME',				'LOC_GREATWORK_SC_JK_ROWLING_2_QUOTE',			2,			'');

INSERT INTO GreatWork_YieldChanges
			(GreatWorkType,					YieldType,			YieldChange)
VALUES		('GREATWORK_SC_PICASSO_1',			'YIELD_CULTURE',	3),
			('GREATWORK_SC_PICASSO_2',			'YIELD_CULTURE',	3),
			('GREATWORK_SC_PICASSO_3',			'YIELD_CULTURE',	3),
			('GREATWORK_SC_KAHLO_1',			'YIELD_CULTURE',	3),
			('GREATWORK_SC_KAHLO_2',			'YIELD_CULTURE',	3),
			('GREATWORK_SC_KAHLO_3',			'YIELD_CULTURE',	3),
			('GREATWORK_SC_OKEEFFE_1',			'YIELD_CULTURE',	3),
			('GREATWORK_SC_OKEEFFE_2',			'YIELD_CULTURE',	3),
			('GREATWORK_SC_OKEEFFE_3',			'YIELD_CULTURE',	3),
			('GREATWORK_SC_WARHOL_1',			'YIELD_CULTURE',	3),
			('GREATWORK_SC_WARHOL_2',			'YIELD_CULTURE',	3),
			('GREATWORK_SC_WARHOL_3',			'YIELD_CULTURE',	3),
			('GREATWORK_SC_LICHTENSTEIN_1',	'YIELD_CULTURE',	3),
			('GREATWORK_SC_LICHTENSTEIN_2',	'YIELD_CULTURE',	3),
			('GREATWORK_SC_LICHTENSTEIN_3',	'YIELD_CULTURE',	3),
			('GREATWORK_SC_JOHNS_1',			'YIELD_CULTURE',	3),
			('GREATWORK_SC_JOHNS_2',			'YIELD_CULTURE',	3),
			('GREATWORK_SC_JOHNS_3',			'YIELD_CULTURE',	3),
			('GREATWORK_SC_KOGELNIK_1',		'YIELD_CULTURE',	3),
			('GREATWORK_SC_KOGELNIK_2',		'YIELD_CULTURE',	3),
			('GREATWORK_SC_KOGELNIK_3',		'YIELD_CULTURE',	3),
			('GREATWORK_SC_MAGRITTE_1',		'YIELD_CULTURE',	3),
			('GREATWORK_SC_MAGRITTE_2',		'YIELD_CULTURE',	3),
			('GREATWORK_SC_MAGRITTE_3',		'YIELD_CULTURE',	3),
			('GREATWORK_SC_KUSAMA_1',			'YIELD_CULTURE',	3),
			('GREATWORK_SC_KUSAMA_2',			'YIELD_CULTURE',	3),
			('GREATWORK_SC_KUSAMA_3',			'YIELD_CULTURE',	3),
			('GREATWORK_SC_BANKSY_1',			'YIELD_CULTURE',	3),
			('GREATWORK_SC_BANKSY_2',			'YIELD_CULTURE',	3),
			('GREATWORK_SC_BANKSY_3',			'YIELD_CULTURE',	3),
			('GREATWORK_SC_HIRST_1',			'YIELD_CULTURE',	3),
			('GREATWORK_SC_HIRST_2',			'YIELD_CULTURE',	3),
			('GREATWORK_SC_HIRST_3',			'YIELD_CULTURE',	3),
			('GREATWORK_SC_MURAKAMI_1',		'YIELD_CULTURE',	3),
			('GREATWORK_SC_MURAKAMI_2',		'YIELD_CULTURE',	3),
			('GREATWORK_SC_MURAKAMI_3',		'YIELD_CULTURE',	3),

			('GREATWORK_SC_SCOTT_JOPLIN_1',	'YIELD_CULTURE',	4),
			('GREATWORK_SC_SCOTT_JOPLIN_2',	'YIELD_CULTURE',	4),
			('GREATWORK_SC_IGOR_STRAVINSKY_1',	'YIELD_CULTURE',	4),
			('GREATWORK_SC_IGOR_STRAVINSKY_2',	'YIELD_CULTURE',	4),
			('GREATWORK_SC_GEORGE_GERSHWIN_1',	'YIELD_CULTURE',	4),
			('GREATWORK_SC_GEORGE_GERSHWIN_2',	'YIELD_CULTURE',	4),
			('GREATWORK_SC_ANTONIO_CARLOS_JOBIM_1',	'YIELD_CULTURE',	4),
			('GREATWORK_SC_ANTONIO_CARLOS_JOBIM_2',	'YIELD_CULTURE',	4),
			('GREATWORK_SC_DUKE_ELLINGTON_1',	'YIELD_CULTURE',	4),
			('GREATWORK_SC_DUKE_ELLINGTON_2',	'YIELD_CULTURE',	4),
			('GREATWORK_SC_ELVIS_PRESLEY_1',	'YIELD_CULTURE',	4),
			('GREATWORK_SC_ELVIS_PRESLEY_2',	'YIELD_CULTURE',	4),
			('GREATWORK_SC_GYORGY_LIGETI_1',	'YIELD_CULTURE',	4),
			('GREATWORK_SC_GYORGY_LIGETI_2',	'YIELD_CULTURE',	4),
			('GREATWORK_SC_JOHN_ADAMS_1',		'YIELD_CULTURE',	4),
			('GREATWORK_SC_JOHN_ADAMS_2',		'YIELD_CULTURE',	4),
			('GREATWORK_SC_CHRISTOPHER_TIN_1',	'YIELD_CULTURE',	4),
			('GREATWORK_SC_CHRISTOPHER_TIN_2',	'YIELD_CULTURE',	4),
			('GREATWORK_SC_JOHN_WILLIAMS_1',	'YIELD_CULTURE',	4),
			('GREATWORK_SC_JOHN_WILLIAMS_2',	'YIELD_CULTURE',	4),

			('GREATWORK_SC_AGATHA_CHRISTIE_1',	'YIELD_CULTURE',	2),
			('GREATWORK_SC_AGATHA_CHRISTIE_2',	'YIELD_CULTURE',	2),
			('GREATWORK_SC_GABRIEL_GARCIA_MARQUEZ_1',	'YIELD_CULTURE',	2),
			('GREATWORK_SC_GABRIEL_GARCIA_MARQUEZ_2',	'YIELD_CULTURE',	2),
			('GREATWORK_SC_CHINUA_ACHEBE_1',	'YIELD_CULTURE',	2),
			('GREATWORK_SC_CHINUA_ACHEBE_2',	'YIELD_CULTURE',	2),
			('GREATWORK_SC_JRR_TOLKIEN_1',		'YIELD_CULTURE',	2),
			('GREATWORK_SC_JRR_TOLKIEN_2',		'YIELD_CULTURE',	2),
			('GREATWORK_SC_GEORGE_RR_MARTIN_1',	'YIELD_CULTURE',	2),
			('GREATWORK_SC_GEORGE_RR_MARTIN_2',	'YIELD_CULTURE',	2),
			('GREATWORK_SC_JK_ROWLING_1',		'YIELD_CULTURE',	2),
			('GREATWORK_SC_JK_ROWLING_2',		'YIELD_CULTURE',	2);
			
--- ADMIRALS/ENGINEERs/MERCHANTS/GENERALS ---

INSERT INTO GreatPersonIndividuals
			(GreatPersonIndividualType,							Name,													GreatPersonClassType,			EraType,			Gender,	ActionCharges,	ActionRequiresOwnedTile,	ActionRequiresMilitaryUnitDomain,	ActionNameTextOverride,					ActionEffectTileHighlighting,	AreaHighlightRadius)
VALUES		('GREAT_PERSON_INDIVIDUAL_SC_HENRY_LEACH',			'LOC_GREAT_PERSON_INDIVIDUAL_SC_HENRY_LEACH_NAME',			'GREAT_PERSON_CLASS_ADMIRAL',	'ERA_INFORMATION',	'M',	1,				0,					'DOMAIN_SEA',						'LOC_GREATPERSON_ACTION_NAME_RETIRE',	0,						2),
			('GREAT_PERSON_INDIVIDUAL_SC_JAMES_STAVRIDIS',		'LOC_GREAT_PERSON_INDIVIDUAL_SC_JAMES_STAVRIDIS_NAME',		'GREAT_PERSON_CLASS_ADMIRAL',	'ERA_INFORMATION',	'M',	1,				0,					'DOMAIN_SEA',						'LOC_GREATPERSON_ACTION_NAME_RETIRE',	0,						2),

			('GREAT_PERSON_INDIVIDUAL_SC_GEORGE_PATTON',		'LOC_GREAT_PERSON_INDIVIDUAL_SC_GEORGE_PATTON_NAME',		'GREAT_PERSON_CLASS_GENERAL',	'ERA_MODERN',		'M',	1,				0,					null,						'LOC_GREATPERSON_ACTION_NAME_RETIRE',	0,						2),
			('GREAT_PERSON_INDIVIDUAL_SC_COLIN_POWELL',			'LOC_GREAT_PERSON_INDIVIDUAL_SC_COLIN_POWELL_NAME',		'GREAT_PERSON_CLASS_GENERAL',	'ERA_INFORMATION',	'M',	1,				0,					'DOMAIN_LAND',						'LOC_GREATPERSON_ACTION_NAME_RETIRE',	0,						2),
			('GREAT_PERSON_INDIVIDUAL_SC_NORMAN_SCHWARZKOPF',	'LOC_GREAT_PERSON_INDIVIDUAL_SC_NORMAN_SCHWARZKOPF_NAME',	'GREAT_PERSON_CLASS_GENERAL',	'ERA_INFORMATION',	'M',	1,				0,					'DOMAIN_LAND',						'LOC_GREATPERSON_ACTION_NAME_RETIRE',	0,						2);

INSERT INTO GreatPersonIndividuals
			(GreatPersonIndividualType,							Name,													GreatPersonClassType,			EraType,			Gender,	ActionCharges,	ActionRequiresOwnedTile,	ActionRequiresNoMilitaryUnit,	ActionNameTextOverride,					ActionEffectTileHighlighting,	AreaHighlightRadius)
VALUES		('GREAT_PERSON_INDIVIDUAL_SC_ARLEIGH_BURKE',		'LOC_GREAT_PERSON_INDIVIDUAL_SC_ARLEIGH_BURKE_NAME',		'GREAT_PERSON_CLASS_ADMIRAL',	'ERA_ATOMIC',		'M',	1,				0,					1,								'LOC_GREATPERSON_ACTION_NAME_RETIRE',	0,						2);

INSERT INTO GreatPersonIndividuals
			(GreatPersonIndividualType,						Name,													GreatPersonClassType,			EraType,			Gender,	ActionCharges,	ActionRequiresCompletedDistrictType)
VALUES		('GREAT_PERSON_INDIVIDUAL_SC_ANTONI_GAUDI',		'LOC_GREAT_PERSON_INDIVIDUAL_SC_ANTONI_GAUDI_NAME',				'GREAT_PERSON_CLASS_ENGINEER',	'ERA_MODERN',		'M',	1,				'DISTRICT_CITY_CENTER'),
			('GREAT_PERSON_INDIVIDUAL_SC_SANTIAGO_CALATRAVA',	'LOC_GREAT_PERSON_INDIVIDUAL_SC_SANTIAGO_CALATRAVA_NAME',	'GREAT_PERSON_CLASS_ENGINEER',	'ERA_INFORMATION',	'M',	1,				'DISTRICT_AERODROME'),
			('GREAT_PERSON_INDIVIDUAL_SC_ZAHA_HADID',			'LOC_GREAT_PERSON_INDIVIDUAL_SC_ZAHA_HADID_NAME',			'GREAT_PERSON_CLASS_ENGINEER',	'ERA_INFORMATION',	'F',	1,				'DISTRICT_ENTERTAINMENT_COMPLEX'),
			('GREAT_PERSON_INDIVIDUAL_SC_FRANK_GEHRY',			'LOC_GREAT_PERSON_INDIVIDUAL_SC_FRANK_GEHRY_NAME',			'GREAT_PERSON_CLASS_ENGINEER',	'ERA_INFORMATION',	'M',	1,				'DISTRICT_CITY_CENTER'),
			('GREAT_PERSON_INDIVIDUAL_SC_ELON_MUSK',			'LOC_GREAT_PERSON_INDIVIDUAL_SC_ELON_MUSK_NAME',			'GREAT_PERSON_CLASS_ENGINEER',	'ERA_INFORMATION',	'M',	1,				'DISTRICT_CITY_CENTER'),

			('GREAT_PERSON_INDIVIDUAL_SC_ENZO_FERRARI',		'LOC_GREAT_PERSON_INDIVIDUAL_SC_ENZO_FERRARI_NAME',		'GREAT_PERSON_CLASS_MERCHANT',	'ERA_ATOMIC',		'M',	1,				'DISTRICT_CITY_CENTER'),
			('GREAT_PERSON_INDIVIDUAL_SC_BILL_GATES',			'LOC_GREAT_PERSON_INDIVIDUAL_SC_BILL_GATES_NAME',			'GREAT_PERSON_CLASS_MERCHANT',	'ERA_INFORMATION',	'M',	1,				'DISTRICT_CITY_CENTER'),
			('GREAT_PERSON_INDIVIDUAL_SC_MARK_ZUCKERBERG',		'LOC_GREAT_PERSON_INDIVIDUAL_SC_MARK_ZUCKERBERG_NAME',		'GREAT_PERSON_CLASS_MERCHANT',	'ERA_INFORMATION',	'M',	1,				'DISTRICT_CITY_CENTER'),
			('GREAT_PERSON_INDIVIDUAL_SC_STEVE_JOBS',			'LOC_GREAT_PERSON_INDIVIDUAL_SC_STEVE_JOBS_NAME',			'GREAT_PERSON_CLASS_MERCHANT',	'ERA_INFORMATION',	'M',	1,				'DISTRICT_CITY_CENTER'),

			('GREAT_PERSON_INDIVIDUAL_SC_TIMOTHY_BERNERSLEE',	'LOC_GREAT_PERSON_INDIVIDUAL_SC_TIMOTHY_BERNERSLEE_NAME',	'GREAT_PERSON_CLASS_SCIENTIST',	'ERA_INFORMATION',	'M',	1,				'DISTRICT_CITY_CENTER'),
			('GREAT_PERSON_INDIVIDUAL_SC_MILDRED_DRESSELHAUS',	'LOC_GREAT_PERSON_INDIVIDUAL_SC_MILDRED_DRESSELHAUS_NAME',	'GREAT_PERSON_CLASS_SCIENTIST',	'ERA_INFORMATION',	'F',	1,				'DISTRICT_SPACEPORT'),
			('GREAT_PERSON_INDIVIDUAL_SC_SHINYA_YAMANAKA',		'LOC_GREAT_PERSON_INDIVIDUAL_SC_SHINYA_YAMANAKA_NAME',		'GREAT_PERSON_CLASS_SCIENTIST',	'ERA_INFORMATION',	'M',	3,				'DISTRICT_CITY_CENTER');

INSERT INTO GreatPersonIndividualBirthModifiers
			(GreatPersonIndividualType,					ModifierId)
VALUES		('GREAT_PERSON_INDIVIDUAL_SC_ARLEIGH_BURKE',	'GREATPERSON_COMBAT_STRENGTH_AOE_ATOMIC_SEA'),
			('GREAT_PERSON_INDIVIDUAL_SC_ARLEIGH_BURKE',	'GREATPERSON_MOVEMENT_AOE_ATOMIC_SEA'),
			('GREAT_PERSON_INDIVIDUAL_SC_HENRY_LEACH',		'GREATPERSON_COMBAT_STRENGTH_AOE_INFORMATION_SEA'),
			('GREAT_PERSON_INDIVIDUAL_SC_HENRY_LEACH',		'GREATPERSON_MOVEMENT_AOE_INFORMATION_SEA'),
			('GREAT_PERSON_INDIVIDUAL_SC_JAMES_STAVRIDIS',	'GREATPERSON_COMBAT_STRENGTH_AOE_INFORMATION_SEA'),
			('GREAT_PERSON_INDIVIDUAL_SC_JAMES_STAVRIDIS',	'GREATPERSON_MOVEMENT_AOE_INFORMATION_SEA'),

			('GREAT_PERSON_INDIVIDUAL_SC_GEORGE_PATTON',	'GREATPERSON_COMBAT_STRENGTH_AOE_MODERN_LAND'),
			('GREAT_PERSON_INDIVIDUAL_SC_GEORGE_PATTON',	'GREATPERSON_MOVEMENT_AOE_MODERN_LAND'),
			('GREAT_PERSON_INDIVIDUAL_SC_COLIN_POWELL',		'GREATPERSON_COMBAT_STRENGTH_AOE_INFORMATION_LAND'),
			('GREAT_PERSON_INDIVIDUAL_SC_COLIN_POWELL',		'GREATPERSON_MOVEMENT_AOE_INFORMATION_LAND'),
			('GREAT_PERSON_INDIVIDUAL_SC_NORMAN_SCHWARZKOPF',	'GREATPERSON_COMBAT_STRENGTH_AOE_INFORMATION_LAND'),
			('GREAT_PERSON_INDIVIDUAL_SC_NORMAN_SCHWARZKOPF',	'GREATPERSON_MOVEMENT_AOE_INFORMATION_LAND');

INSERT INTO GreatPersonIndividualActionModifiers
			(GreatPersonIndividualType,						ModifierId,											AttachmentTargetType)
VALUES		('GREAT_PERSON_INDIVIDUAL_SC_ARLEIGH_BURKE',		'GREATPERSON_SC_ARLEIGH_BURKE_ACTIVE',					'GREAT_PERSON_ACTION_ATTACHMENT_TARGET_UNIT_GREATPERSON'),
			('GREAT_PERSON_INDIVIDUAL_SC_HENRY_LEACH',			'GREATPERSON_SC_HENRY_LEACH_ACTIVE',					'GREAT_PERSON_ACTION_ATTACHMENT_TARGET_PLAYER'),
			('GREAT_PERSON_INDIVIDUAL_SC_HENRY_LEACH',			'GREATPERSON_SC_HENRY_LEACH_ACTIVE_UNIT_BONUS',		'GREAT_PERSON_ACTION_ATTACHMENT_TARGET_UNIT_DOMAIN_MILITARY_IN_TILE'),
			('GREAT_PERSON_INDIVIDUAL_SC_JAMES_STAVRIDIS',		'GREATPERSON_SC_JAMES_STAVRIDIS_ACTIVE',				'GREAT_PERSON_ACTION_ATTACHMENT_TARGET_PLAYER'),
			('GREAT_PERSON_INDIVIDUAL_SC_JAMES_STAVRIDIS',		'GREATPERSON_SC_JAMES_STAVRIDIS_ACTIVE_UNIT_BONUS',	'GREAT_PERSON_ACTION_ATTACHMENT_TARGET_UNIT_DOMAIN_MILITARY_IN_TILE'),

			('GREAT_PERSON_INDIVIDUAL_SC_ANTONI_GAUDI',			'GREATPERSON_CITY_APPEAL_SMALL',					'GREAT_PERSON_ACTION_ATTACHMENT_TARGET_DISTRICT_IN_TILE'),
			('GREAT_PERSON_INDIVIDUAL_SC_SANTIAGO_CALATRAVA',	'GREATPERSON_SC_SANTIAGO_CALATRAVA_AERODROMES',		'GREAT_PERSON_ACTION_ATTACHMENT_TARGET_DISTRICT_IN_TILE'),
			('GREAT_PERSON_INDIVIDUAL_SC_SANTIAGO_CALATRAVA',	'GREATPERSON_SC_SANTIAGO_CALATRAVA_ART_MUSEUM_CUL',		'GREAT_PERSON_ACTION_ATTACHMENT_TARGET_DISTRICT_IN_TILE'),
			('GREAT_PERSON_INDIVIDUAL_SC_SANTIAGO_CALATRAVA',	'GREATPERSON_SC_SANTIAGO_CALATRAVA_ARTIFACT_MUSEUM_CUL',		'GREAT_PERSON_ACTION_ATTACHMENT_TARGET_DISTRICT_IN_TILE'),
			('GREAT_PERSON_INDIVIDUAL_SC_SANTIAGO_CALATRAVA',	'GREATPERSON_SC_SANTIAGO_CALATRAVA_ART_MUSEUM_SCI',		'GREAT_PERSON_ACTION_ATTACHMENT_TARGET_DISTRICT_IN_TILE'),
			('GREAT_PERSON_INDIVIDUAL_SC_SANTIAGO_CALATRAVA',	'GREATPERSON_SC_SANTIAGO_CALATRAVA_ARTIFACT_MUSEUM_SCI',		'GREAT_PERSON_ACTION_ATTACHMENT_TARGET_DISTRICT_IN_TILE'),
			('GREAT_PERSON_INDIVIDUAL_SC_ZAHA_HADID',			'GREATPERSON_SC_ZAHA_HADID_ARENA',					'GREAT_PERSON_ACTION_ATTACHMENT_TARGET_DISTRICT_IN_TILE'),
			('GREAT_PERSON_INDIVIDUAL_SC_ZAHA_HADID',			'GREATPERSON_SC_ZAHA_HADID_ZOO',					'GREAT_PERSON_ACTION_ATTACHMENT_TARGET_DISTRICT_IN_TILE'),
			('GREAT_PERSON_INDIVIDUAL_SC_ZAHA_HADID',			'GREATPERSON_SC_ZAHA_HADID_STADIUM',					'GREAT_PERSON_ACTION_ATTACHMENT_TARGET_DISTRICT_IN_TILE'),
			('GREAT_PERSON_INDIVIDUAL_SC_ZAHA_HADID',			'GREATPERSON_SC_ZAHA_HADID_TOURISM',					'GREAT_PERSON_ACTION_ATTACHMENT_TARGET_DISTRICT_IN_TILE'),
			('GREAT_PERSON_INDIVIDUAL_SC_FRANK_GEHRY',			'GREATPERSON_SC_FRANK_GEHRY_ACTIVE',					'GREAT_PERSON_ACTION_ATTACHMENT_TARGET_PLAYER'),
			('GREAT_PERSON_INDIVIDUAL_SC_FRANK_GEHRY',			'GREATPERSON_SC_FRANK_GEHRY_ACTIVE_GOLD',					'GREAT_PERSON_ACTION_ATTACHMENT_TARGET_PLAYER'),
			('GREAT_PERSON_INDIVIDUAL_SC_ELON_MUSK',			'GREATPERSON_SC_ELON_MUSK_ACTIVE',						'GREAT_PERSON_ACTION_ATTACHMENT_TARGET_PLAYER'),
			('GREAT_PERSON_INDIVIDUAL_SC_ELON_MUSK',			'GREATPERSON_SC_ELON_MUSK_ACTIVE_GOLD',				'GREAT_PERSON_ACTION_ATTACHMENT_TARGET_DISTRICT_IN_TILE'),

			('GREAT_PERSON_INDIVIDUAL_SC_GEORGE_PATTON',		'GREATPERSON_SC_GEORGE_PATTON_ACTIVE',					'GREAT_PERSON_ACTION_ATTACHMENT_TARGET_PLAYER'),
			('GREAT_PERSON_INDIVIDUAL_SC_COLIN_POWELL',		'GREATPERSON_SC_COLIN_POWELL_ACTIVE',					'GREAT_PERSON_ACTION_ATTACHMENT_TARGET_PLAYER'),
			('GREAT_PERSON_INDIVIDUAL_SC_COLIN_POWELL',		'GREATPERSON_SC_COLIN_POWELL_ACTIVE_ENVOYS',			'GREAT_PERSON_ACTION_ATTACHMENT_TARGET_PLAYER'),
			('GREAT_PERSON_INDIVIDUAL_SC_NORMAN_SCHWARZKOPF',	'GREATPERSON_SC_NORMAN_SCHWARZKOPF_ACTIVE',			'GREAT_PERSON_ACTION_ATTACHMENT_TARGET_PLAYER'),
			('GREAT_PERSON_INDIVIDUAL_SC_NORMAN_SCHWARZKOPF',	'GREATPERSON_SC_NORMAN_SCHWARZKOPF_ACTIVE_UNIT_BONUS',	'GREAT_PERSON_ACTION_ATTACHMENT_TARGET_UNIT_DOMAIN_MILITARY_IN_TILE'),

			('GREAT_PERSON_INDIVIDUAL_SC_ENZO_FERRARI',		'GREAT_PERSON_INDIVIDUAL_SC_ENZO_FERRARI_ACTIVE',		'GREAT_PERSON_ACTION_ATTACHMENT_TARGET_DISTRICT_IN_TILE'),
			('GREAT_PERSON_INDIVIDUAL_SC_BILL_GATES',			'GREAT_PERSON_INDIVIDUAL_SC_BILL_GATES_ACTIVE',		'GREAT_PERSON_ACTION_ATTACHMENT_TARGET_DISTRICT_IN_TILE'),
			('GREAT_PERSON_INDIVIDUAL_SC_MARK_ZUCKERBERG',		'GREAT_PERSON_INDIVIDUAL_SC_MARK_ZUCKERBERG_ACTIVE',	'GREAT_PERSON_ACTION_ATTACHMENT_TARGET_PLAYER'),
			('GREAT_PERSON_INDIVIDUAL_SC_STEVE_JOBS',			'GREAT_PERSON_INDIVIDUAL_SC_STEVE_JOBS_ACTIVE',		'GREAT_PERSON_ACTION_ATTACHMENT_TARGET_DISTRICT_IN_TILE'),

			('GREAT_PERSON_INDIVIDUAL_SC_TIMOTHY_BERNERSLEE',	'GREATPERSON_SC_TIMOTHY_BERNERSLEE_ACTIVE',			'GREAT_PERSON_ACTION_ATTACHMENT_TARGET_PLAYER'),
			('GREAT_PERSON_INDIVIDUAL_SC_MILDRED_DRESSELHAUS',	'GREATPERSON_SC_MILDRED_DRESSELHAUS_ACTIVE',			'GREAT_PERSON_ACTION_ATTACHMENT_TARGET_DISTRICT_IN_TILE'),
			('GREAT_PERSON_INDIVIDUAL_SC_SHINYA_YAMANAKA',		'GREATPERSON_SC_SHINYA_YAMANAKA_ACTIVE_HOUSING',		'GREAT_PERSON_ACTION_ATTACHMENT_TARGET_DISTRICT_IN_TILE'),
			('GREAT_PERSON_INDIVIDUAL_SC_SHINYA_YAMANAKA',		'GREATPERSON_SC_SHINYA_YAMANAKA_ACTIVE_AMENITIES',		'GREAT_PERSON_ACTION_ATTACHMENT_TARGET_DISTRICT_IN_TILE');			

INSERT INTO Modifiers
			(ModifierId,										ModifierType,														SubjectRequirementSetId,				RunOnce,	Permanent)
VALUES		('GREATPERSON_SC_ARLEIGH_BURKE_ACTIVE',				'MODIFIER_PLAYER_UNIT_GRANT_UNIT_WITH_EXPERIENCE',					null,									1,		1),
			('GREATPERSON_SC_HENRY_LEACH_ACTIVE',					'MODIFIER_PLAYER_ADJUST_WAR_WEARINESS',							null,									1,		1),
			('GREATPERSON_SC_HENRY_LEACH_ACTIVE_UNIT_BONUS',		'MODIFIER_PLAYER_UNIT_ADJUST_UNIT_EXPERIENCE_MODIFIER',			null,									1,		1),
			('GREATPERSON_SC_JAMES_STAVRIDIS_ACTIVE',				'MODIFIER_PLAYER_GRANT_INFLUENCE_TOKEN',						null,									1,		1),
			('GREATPERSON_SC_JAMES_STAVRIDIS_ACTIVE_UNIT_BONUS',	'MODIFIER_PLAYER_UNIT_ADJUST_UNIT_EXPERIENCE_MODIFIER',			null,									1,		1),

			('GREATPERSON_SC_ANTONI_GAUDI_ACTIVE',					'MODIFIER_SINGLE_CITY_ADJUST_CITY_APPEAL',							null,									1,		1),
			('GREATPERSON_SC_SANTIAGO_CALATRAVA_AERODROMES',		'MODIFIER_PLAYER_DISTRICTS_ADJUST_TOURISM_CHANGE',					'SC_DISTRICT_IS_AERODROME',				0,	1),
			('GREATPERSON_SC_SANTIAGO_CALATRAVA_ART_MUSEUM_SCI',		'MODIFIER_PLAYER_CITIES_ADJUST_BUILDING_YIELD_CHANGE',			null,									0,	1),
			('GREATPERSON_SC_SANTIAGO_CALATRAVA_ART_MUSEUM_CUL',		'MODIFIER_PLAYER_CITIES_ADJUST_BUILDING_YIELD_CHANGE',			null,									0,	1),
			('GREATPERSON_SC_SANTIAGO_CALATRAVA_ARTIFACT_MUSEUM_CUL',		'MODIFIER_PLAYER_CITIES_ADJUST_BUILDING_YIELD_CHANGE',		null,									0,	1),
			('GREATPERSON_SC_SANTIAGO_CALATRAVA_ARTIFACT_MUSEUM_SCI',		'MODIFIER_PLAYER_CITIES_ADJUST_BUILDING_YIELD_CHANGE',		null,									0,	1),
			('GREATPERSON_SC_ZAHA_HADID_ARENA',						'MODIFIER_SINGLE_CITY_GRANT_BUILDING_IN_CITY_IGNORE',				null,									1,	1),
			('GREATPERSON_SC_ZAHA_HADID_ZOO',						'MODIFIER_SINGLE_CITY_GRANT_BUILDING_IN_CITY_IGNORE',				null,									1,	1),
			('GREATPERSON_SC_ZAHA_HADID_STADIUM',					'MODIFIER_SINGLE_CITY_GRANT_BUILDING_IN_CITY_IGNORE',				null,									1,	1),
			('GREATPERSON_SC_ZAHA_HADID_TOURISM',					'MODIFIER_PLAYER_DISTRICTS_ADJUST_TOURISM_CHANGE',					'SC_DISTRICT_IS_ENTERTAINMENT_COMPLEX',	0,	1),
			('GREATPERSON_SC_FRANK_GEHRY_ACTIVE',					'MODIFIER_PLAYER_CITIES_ATTACH_MODIFIER',							null,									0,	1),
			('GREATPERSON_SC_FRANK_GEHRY_ACTIVE_GOLD',				'MODIFIER_PLAYER_CITIES_ATTACH_MODIFIER',							null,									0,	1),
			('GREATPERSON_SC_FRANK_GEHRY_ACTIVE_PROD_BONUS',		'MODIFIER_SINGLE_CITY_ADJUST_WONDER_YIELD_CHANGE',					null,									0,	1),
			('GREATPERSON_SC_FRANK_GEHRY_ACTIVE_GOLD_BONUS',		'MODIFIER_SINGLE_CITY_ADJUST_WONDER_YIELD_CHANGE',					null,									0,	1),

			('GREATPERSON_SC_ELON_MUSK_ACTIVE',					'MODIFIER_PLAYER_UNITS_ADJUST_FRIENDLY_TERRITORY_START_MOVEMENT',	null,									0,	1),
			('GREATPERSON_SC_ELON_MUSK_ACTIVE_GOLD',				'MODIFIER_PLAYER_CITIES_ADJUST_CITY_YIELD_PER_DISTRICT',			null,									0,	1),

			('GREATPERSON_SC_GEORGE_PATTON_ACTIVE',					'MODIFIER_PLAYER_UNITS_ATTACH_MODIFIER',						null,									0,		1),
			('GREATPERSON_SC_GEORGE_PATTON_ACTIVE_UNIT_BONUS_MOVEMENT',	'MODIFIER_PLAYER_UNIT_ADJUST_MOVEMENT',						'SC_REQUIRES_LATE_HEAVY_CAVALRY',			1,		1),

			('GREATPERSON_SC_COLIN_POWELL_ACTIVE',					'MODIFIER_PLAYER_ADJUST_WAR_WEARINESS',								null,									1,		1),
			('GREATPERSON_SC_COLIN_POWELL_ACTIVE_ENVOYS',			'MODIFIER_PLAYER_GRANT_INFLUENCE_TOKEN',							null,									1,		1),
			('GREATPERSON_SC_NORMAN_SCHWARZKOPF_ACTIVE',			'MODIFIER_PLAYER_CITIES_ADJUST_MILITARY_UNITS_PRODUCTION',			null,									0,		1),
			('GREATPERSON_SC_NORMAN_SCHWARZKOPF_ACTIVE_UNIT_BONUS',	'MODIFIER_PLAYER_UNIT_ADJUST_GRANT_EXPERIENCE',					null,									1,		1),

			('GREAT_PERSON_INDIVIDUAL_SC_ENZO_FERRARI_ACTIVE',		'MODIFIER_PLAYER_CITIES_ADJUST_CITY_YIELD_PER_DISTRICT',			null,									0,	1),
			('GREAT_PERSON_INDIVIDUAL_SC_BILL_GATES_ACTIVE',		'MODIFIER_PLAYER_CITIES_ADJUST_CITY_YIELD_PER_DISTRICT',			null,									0,	1),
			('GREAT_PERSON_INDIVIDUAL_SC_MARK_ZUCKERBERG_ACTIVE',	'MODIFIER_PLAYER_ADJUST_TOURISM',									null,									1,		1),
			('GREAT_PERSON_INDIVIDUAL_SC_STEVE_JOBS_ACTIVE',		'MODIFIER_PLAYER_CULTURE_ADJUST_GOVERNMENT_SLOTS_MODIFIER',			null,									1,		1),

			('GREATPERSON_SC_SPACE_RACE_PRODUCTION_RATE_MEDIUM',	'MODIFIER_PLAYER_CITIES_ADJUST_SPACE_RACE_PROJECTS_PRODUCTION',		null,									0,	1),
			('GREATPERSON_SC_TIMOTHY_BERNERSLEE_ACTIVE',			'MODIFIER_PLAYER_ADJUST_TOURISM',									null,									1,		1),
			('GREATPERSON_SC_MILDRED_DRESSELHAUS_ACTIVE',			'MODIFIER_PLAYER_CITIES_ADJUST_SPACE_RACE_PROJECTS_PRODUCTION',		null,									0,	1),
			('GREATPERSON_SC_SHINYA_YAMANAKA_ACTIVE_HOUSING',		'MODIFIER_SINGLE_CITY_ADJUST_CITY_HOUSING_FROM_GREAT_PEOPLE',		null,									1,		1),
			('GREATPERSON_SC_SHINYA_YAMANAKA_ACTIVE_AMENITIES',		'MODIFIER_SINGLE_CITY_ADJUST_CITY_AMENITIES_FROM_GREAT_PEOPLE',		null,									1,		1);

INSERT INTO ModifierArguments
			(ModifierId,										Name,				Value)
VALUES		('GREATPERSON_SC_ARLEIGH_BURKE_ACTIVE',				'UnitType',			'UNIT_NUCLEAR_SUBMARINE'),
			('GREATPERSON_SC_ARLEIGH_BURKE_ACTIVE',				'Experience',			-1),
			('GREATPERSON_SC_HENRY_LEACH_ACTIVE',					'Amount',			-50),
			('GREATPERSON_SC_HENRY_LEACH_ACTIVE_UNIT_BONUS',		'Amount',			150),
			('GREATPERSON_SC_JAMES_STAVRIDIS_ACTIVE',				'Amount',			5),
			('GREATPERSON_SC_JAMES_STAVRIDIS_ACTIVE_UNIT_BONUS',	'Amount',			150),

			('GREATPERSON_SC_ANTONI_GAUDI_ACTIVE',					'Amount',			1),
			('GREATPERSON_SC_SANTIAGO_CALATRAVA_AERODROMES',		'Amount',			15),
			('GREATPERSON_SC_SANTIAGO_CALATRAVA_ART_MUSEUM_CUL',			'BuildingType',		'BUILDING_MUSEUM_ART'),
			('GREATPERSON_SC_SANTIAGO_CALATRAVA_ART_MUSEUM_CUL',			'Amount',			2),
			('GREATPERSON_SC_SANTIAGO_CALATRAVA_ART_MUSEUM_CUL',			'YieldType',		'YIELD_CULTURE'),
			('GREATPERSON_SC_SANTIAGO_CALATRAVA_ART_MUSEUM_SCI',			'BuildingType',		'BUILDING_MUSEUM_ART'),
			('GREATPERSON_SC_SANTIAGO_CALATRAVA_ART_MUSEUM_SCI',			'Amount',			2),
			('GREATPERSON_SC_SANTIAGO_CALATRAVA_ART_MUSEUM_SCI',			'YieldType',		'YIELD_SCIENCE'),
			('GREATPERSON_SC_SANTIAGO_CALATRAVA_ARTIFACT_MUSEUM_CUL',		'BuildingType',		'BUILDING_MUSEUM_ARTIFACT'),
			('GREATPERSON_SC_SANTIAGO_CALATRAVA_ARTIFACT_MUSEUM_CUL',		'Amount',			2),
			('GREATPERSON_SC_SANTIAGO_CALATRAVA_ARTIFACT_MUSEUM_CUL',		'YieldType',		'YIELD_CULTURE'),
			('GREATPERSON_SC_SANTIAGO_CALATRAVA_ARTIFACT_MUSEUM_SCI',		'BuildingType',		'BUILDING_MUSEUM_ARTIFACT'),
			('GREATPERSON_SC_SANTIAGO_CALATRAVA_ARTIFACT_MUSEUM_SCI',		'Amount',			2),
			('GREATPERSON_SC_SANTIAGO_CALATRAVA_ARTIFACT_MUSEUM_SCI',		'YieldType',		'YIELD_SCIENCE'),
			('GREATPERSON_SC_ZAHA_HADID_ARENA',						'BuildingType',		'BUILDING_ARENA'),
			('GREATPERSON_SC_ZAHA_HADID_ZOO',						'BuildingType',		'BUILDING_ZOO'),
			('GREATPERSON_SC_ZAHA_HADID_STADIUM',					'BuildingType',		'BUILDING_STADIUM'),
			('GREATPERSON_SC_ZAHA_HADID_TOURISM',					'Amount',			10),
			('GREATPERSON_SC_FRANK_GEHRY_ACTIVE',					'ModifierId',		'GREATPERSON_SC_FRANK_GEHRY_ACTIVE_PROD_BONUS'),
			('GREATPERSON_SC_FRANK_GEHRY_ACTIVE_GOLD',				'ModifierId',		'GREATPERSON_SC_FRANK_GEHRY_ACTIVE_GOLD_BONUS'),

			('GREATPERSON_SC_FRANK_GEHRY_ACTIVE_PROD_BONUS',		'YieldType',		'YIELD_PRODUCTION'),
			('GREATPERSON_SC_FRANK_GEHRY_ACTIVE_PROD_BONUS',		'Amount',			2),
			('GREATPERSON_SC_FRANK_GEHRY_ACTIVE_GOLD_BONUS',		'YieldType',		'YIELD_GOLD'),
			('GREATPERSON_SC_FRANK_GEHRY_ACTIVE_GOLD_BONUS',		'Amount',			2),

			('GREATPERSON_SC_ELON_MUSK_ACTIVE',					'Amount',			1),
			('GREATPERSON_SC_ELON_MUSK_ACTIVE_GOLD',				'YieldType',		'YIELD_GOLD'),
			('GREATPERSON_SC_ELON_MUSK_ACTIVE_GOLD',				'Amount',			2),

			('GREATPERSON_SC_GEORGE_PATTON_ACTIVE',					'ModifierId',		'GREATPERSON_SC_GEORGE_PATTON_ACTIVE_UNIT_BONUS_MOVEMENT'),
			('GREATPERSON_SC_GEORGE_PATTON_ACTIVE_UNIT_BONUS_MOVEMENT',	'Amount',	1),
			('GREATPERSON_SC_COLIN_POWELL_ACTIVE',					'Amount',			-50),
			('GREATPERSON_SC_COLIN_POWELL_ACTIVE_ENVOYS',			'Amount',			5),
			('GREATPERSON_SC_NORMAN_SCHWARZKOPF_ACTIVE',			'Amount',			25),
			('GREATPERSON_SC_NORMAN_SCHWARZKOPF_ACTIVE',			'UnitDomain',		'DOMAIN_AIR'),
			('GREATPERSON_SC_NORMAN_SCHWARZKOPF_ACTIVE_UNIT_BONUS',	'Amount',			-1),

			('GREAT_PERSON_INDIVIDUAL_SC_ENZO_FERRARI_ACTIVE',		'YieldType',		'YIELD_GOLD'),
			('GREAT_PERSON_INDIVIDUAL_SC_ENZO_FERRARI_ACTIVE',		'Amount',			3),
			('GREAT_PERSON_INDIVIDUAL_SC_BILL_GATES_ACTIVE',		'YieldType',		'YIELD_PRODUCTION'),
			('GREAT_PERSON_INDIVIDUAL_SC_BILL_GATES_ACTIVE',		'Amount',			2),
			('GREAT_PERSON_INDIVIDUAL_SC_MARK_ZUCKERBERG_ACTIVE',	'Amount',			100),
			('GREAT_PERSON_INDIVIDUAL_SC_STEVE_JOBS_ACTIVE',		'GovernmentSlotType',	'SLOT_WILDCARD'),

			('GREATPERSON_SC_SPACE_RACE_PRODUCTION_RATE_MEDIUM',	'Amount',			50),
			('GREATPERSON_SC_TIMOTHY_BERNERSLEE_ACTIVE',			'Amount',			100),
			('GREATPERSON_SC_MILDRED_DRESSELHAUS_ACTIVE',			'Amount',			100),
			('GREATPERSON_SC_SHINYA_YAMANAKA_ACTIVE_HOUSING',		'Amount',			2),
			('GREATPERSON_SC_SHINYA_YAMANAKA_ACTIVE_AMENITIES',		'Amount',			4);

INSERT INTO RequirementSets
			(RequirementSetId,									RequirementSetType)
VALUES 		('SC_DISTRICT_IS_AERODROME',						'REQUIREMENTSET_TEST_ALL'),
			('SC_DISTRICT_IS_ENTERTAINMENT_COMPLEX',			'REQUIREMENTSET_TEST_ALL'),
			('SC_REQUIRES_LATE_HEAVY_CAVALRY',					'REQUIREMENTSET_TEST_ALL'),
			('SC_REQUIRES_UNIT_IS_MODERN_OR_LATER',				'REQUIREMENTSET_TEST_ANY');

INSERT INTO RequirementSetRequirements
			(RequirementSetId,									RequirementId)
VALUES		('SC_DISTRICT_IS_AERODROME',						'SC_REQUIRES_DISTRICT_IS_AERODROME'),
			('SC_DISTRICT_IS_ENTERTAINMENT_COMPLEX',			'SC_REQUIRES_DISTRICT_IS_ENTERTAINMENT_COMPLEX'),
			('SC_REQUIRES_LATE_HEAVY_CAVALRY',					'SC_REQUIRES_UNIT_IS_HEAVY_CAVALRY'),
			('SC_REQUIRES_LATE_HEAVY_CAVALRY',					'SC_REQUIRES_UNIT_IS_MODERN_ATOMIC_INFORMATION'),
			('SC_REQUIRES_UNIT_IS_MODERN_OR_LATER',				'SC_REQUIRES_UNIT_IS_MODERN'),
			('SC_REQUIRES_UNIT_IS_MODERN_OR_LATER',				'SC_REQUIRES_UNIT_IS_ATOMIC'),
			('SC_REQUIRES_UNIT_IS_MODERN_OR_LATER',				'SC_REQUIRES_UNIT_IS_INFORMATION');

INSERT INTO Requirements
			(RequirementId,										RequirementType)
VALUES		('SC_REQUIRES_DISTRICT_IS_AERODROME',				'REQUIREMENT_DISTRICT_TYPE_MATCHES'),
			('SC_REQUIRES_DISTRICT_IS_ENTERTAINMENT_COMPLEX',	'REQUIREMENT_DISTRICT_TYPE_MATCHES'),
			('SC_REQUIRES_UNIT_IS_HEAVY_CAVALRY',				'REQUIREMENT_UNIT_PROMOTION_CLASS_MATCHES'),
			('SC_REQUIRES_UNIT_IS_MODERN_ATOMIC_INFORMATION',	'REQUIREMENT_REQUIREMENTSET_IS_MET'),
			('SC_REQUIRES_UNIT_IS_MODERN',						'REQUIREMENT_UNIT_ERA_TYPE_MATCHES'),
			('SC_REQUIRES_UNIT_IS_ATOMIC',						'REQUIREMENT_UNIT_ERA_TYPE_MATCHES'),
			('SC_REQUIRES_UNIT_IS_INFORMATION',					'REQUIREMENT_UNIT_ERA_TYPE_MATCHES');

INSERT INTO RequirementArguments
			(RequirementId,										Name,				Value)
VALUES		('SC_REQUIRES_DISTRICT_IS_AERODROME',				'DistrictType',		'DISTRICT_AERODROME'),
			('SC_REQUIRES_DISTRICT_IS_ENTERTAINMENT_COMPLEX',	'DistrictType',		'DISTRICT_ENTERTAINMENT_COMPLEX'),
			('SC_REQUIRES_UNIT_IS_HEAVY_CAVALRY',				'UnitPromotionClass',	'PROMOTION_CLASS_HEAVY_CAVALRY'),
			('SC_REQUIRES_UNIT_IS_MODERN_ATOMIC_INFORMATION',	'RequirementSetId',	'SC_REQUIRES_UNIT_IS_MODERN_OR_LATER'),
			('SC_REQUIRES_UNIT_IS_MODERN',						'EraType',			'ERA_MODERN'),
			('SC_REQUIRES_UNIT_IS_ATOMIC',						'EraType',			'ERA_ATOMIC'),
			('SC_REQUIRES_UNIT_IS_INFORMATION',					'EraType',			'ERA_INFORMATION');

INSERT INTO ModifierStrings
			(ModifierId,										Context,			Text)
VALUES		('GREATPERSON_SC_ARLEIGH_BURKE_ACTIVE',				'Summary',			'LOC_GREATPERSON_SC_ARLEIGH_BURKE_ACTIVE'),
			('GREATPERSON_SC_HENRY_LEACH_ACTIVE',					'Summary',			'LOC_GREATPERSON_SC_HENRY_LEACH_ACTIVE'),
			('GREATPERSON_SC_JAMES_STAVRIDIS_ACTIVE',				'Summary',			'LOC_GREATPERSON_SC_JAMES_STAVRIDIS_ACTIVE'),

			('GREATPERSON_SC_ANTONI_GAUDI_ACTIVE',					'Summary',			'LOC_GREATPERSON_SC_ANTONI_GAUDI_ACTIVE'),
			('GREATPERSON_SC_SANTIAGO_CALATRAVA_AERODROMES',		'Summary',			'LOC_GREATPERSON_SC_SANTIAGO_CALATRAVA_ACTIVE'),
			('GREATPERSON_SC_ZAHA_HADID_ARENA',					'Summary',			'LOC_GREATPERSON_SC_ZAHA_HADID_ACTIVE'),
			('GREATPERSON_SC_FRANK_GEHRY_ACTIVE',					'Summary',			'LOC_GREATPERSON_SC_FRANK_GEHRY_ACTIVE'),
			('GREATPERSON_SC_ELON_MUSK_ACTIVE',					'Summary',			'LOC_GREATPERSON_SC_ELON_MUSK_ACTIVE'),

			('GREATPERSON_SC_GEORGE_PATTON_ACTIVE',				'Summary',			'LOC_GREATPERSON_SC_GEORGE_PATTON_ACTIVE'),
			('GREATPERSON_SC_COLIN_POWELL_ACTIVE',					'Summary',			'LOC_GREATPERSON_SC_COLIN_POWELL_ACTIVE'),
			('GREATPERSON_SC_NORMAN_SCHWARZKOPF_ACTIVE',			'Summary',			'LOC_GREATPERSON_SC_NORMAN_SCHWARZKOPF_ACTIVE'),

			('GREAT_PERSON_INDIVIDUAL_SC_ENZO_FERRARI_ACTIVE',		'Summary',			'LOC_GREATPERSON_SC_ENZO_FERRARI_ACTIVE'),
			('GREAT_PERSON_INDIVIDUAL_SC_BILL_GATES_ACTIVE',		'Summary',			'LOC_GREATPERSON_SC_BILL_GATES_ACTIVE'),
			('GREAT_PERSON_INDIVIDUAL_SC_MARK_ZUCKERBERG_ACTIVE',	'Summary',			'LOC_GREATPERSON_SC_MARK_ZUCKERBERG_ACTIVE'),
			('GREAT_PERSON_INDIVIDUAL_SC_STEVE_JOBS_ACTIVE',		'Summary',			'LOC_GREATPERSON_SC_STEVE_JOBS_ACTIVE'),

			('GREATPERSON_SC_SPACE_RACE_PRODUCTION_RATE_MEDIUM',	'Summary',			'LOC_GREATPERSON_SC_SPACE_RACE_PRODUCTION_RATE_MEDIUM'),
			('GREATPERSON_SC_TIMOTHY_BERNERSLEE_ACTIVE',			'Summary',			'LOC_GREATPERSON_SC_TIMOTHY_BERNERSLEE_ACTIVE'),
			('GREATPERSON_SC_MILDRED_DRESSELHAUS_ACTIVE',			'Summary',			'LOC_GREATPERSON_SC_MILDRED_DRESSELHAUS_ACTIVE'),
			('GREATPERSON_SC_SHINYA_YAMANAKA_ACTIVE_HOUSING',		'Summary',			'LOC_GREATPERSON_SC_SHINYA_YAMANAKA_ACTIVE');