--==========================================================================================================================
-- CIVILIZATIONS
--==========================================================================================================================
-- Types
-------------------------------------	
INSERT INTO Types	
		(Type,								Kind)
VALUES	('CIVILIZATION_SUK_ETHIOPIA',		'KIND_CIVILIZATION');
-------------------------------------			
-- Civilizations			
-------------------------------------				
-- Types
-------------------------------------	
INSERT INTO Civilizations	
		(CivilizationType,				Name,									Description,									Adjective,									StartingCivilizationLevelType,	RandomCityNameDepth,	Ethnicity)
VALUES	('CIVILIZATION_SUK_ETHIOPIA',	'LOC_CIVILIZATION_SUK_ETHIOPIA_NAME',	'LOC_CIVILIZATION_SUK_ETHIOPIA_DESCRIPTION',	'LOC_CIVILIZATION_SUK_ETHIOPIA_ADJECTIVE',	'CIVILIZATION_LEVEL_FULL_CIV',	10,						'ETHNICITY_AFRICAN');	
-------------------------------------			
-- CityNames			
-------------------------------------		
INSERT INTO CityNames	
			(CivilizationType,						CityName)	
VALUES		('CIVILIZATION_SUK_ETHIOPIA',			'LOC_CITY_NAME_ETHIOPIA_ADDIS_ABABA'),	
			('CIVILIZATION_SUK_ETHIOPIA',			'LOC_CITY_NAME_ETHIOPIA_AXUM'),	
			('CIVILIZATION_SUK_ETHIOPIA',			'LOC_CITY_NAME_ETHIOPIA_LALIBELA'),	
			('CIVILIZATION_SUK_ETHIOPIA',			'LOC_CITY_NAME_ETHIOPIA_GONDAR'),	
			('CIVILIZATION_SUK_ETHIOPIA',			'LOC_CITY_NAME_ETHIOPIA_DEBRE_BERHAN'),	
			('CIVILIZATION_SUK_ETHIOPIA',			'LOC_CITY_NAME_ETHIOPIA_HARAR'),	
			('CIVILIZATION_SUK_ETHIOPIA',			'LOC_CITY_NAME_ETHIOPIA_DIRE_DAWA'),	
			('CIVILIZATION_SUK_ETHIOPIA',			'LOC_CITY_NAME_ETHIOPIA_ADWA'),	
			('CIVILIZATION_SUK_ETHIOPIA',			'LOC_CITY_NAME_ETHIOPIA_BAHIR_DAR'),	
			('CIVILIZATION_SUK_ETHIOPIA',			'LOC_CITY_NAME_ETHIOPIA_ADAMA'),	
			('CIVILIZATION_SUK_ETHIOPIA',			'LOC_CITY_NAME_ETHIOPIA_MEKELE'),	
			('CIVILIZATION_SUK_ETHIOPIA',			'LOC_CITY_NAME_ETHIOPIA_ADULIS'),	
			('CIVILIZATION_SUK_ETHIOPIA',			'LOC_CITY_NAME_ETHIOPIA_AWASA'),	
			('CIVILIZATION_SUK_ETHIOPIA',			'LOC_CITY_NAME_ETHIOPIA_JIMMA'),	
			('CIVILIZATION_SUK_ETHIOPIA',			'LOC_CITY_NAME_ETHIOPIA_JIJIGA'),	
			('CIVILIZATION_SUK_ETHIOPIA',			'LOC_CITY_NAME_ETHIOPIA_DESSIE'),	
			('CIVILIZATION_SUK_ETHIOPIA',			'LOC_CITY_NAME_ETHIOPIA_SHASHAMANE'),	
			('CIVILIZATION_SUK_ETHIOPIA',			'LOC_CITY_NAME_ETHIOPIA_DEBRE_ZEYIT'),	
			('CIVILIZATION_SUK_ETHIOPIA',			'LOC_CITY_NAME_ETHIOPIA_HOSAENA'),	
			('CIVILIZATION_SUK_ETHIOPIA',			'LOC_CITY_NAME_ETHIOPIA_SODO'),	
			('CIVILIZATION_SUK_ETHIOPIA',			'LOC_CITY_NAME_ETHIOPIA_ASELLA'),	
			('CIVILIZATION_SUK_ETHIOPIA',			'LOC_CITY_NAME_ETHIOPIA_NEKEMTE'),	
			('CIVILIZATION_SUK_ETHIOPIA',			'LOC_CITY_NAME_ETHIOPIA_DILA'),	
			('CIVILIZATION_SUK_ETHIOPIA',			'LOC_CITY_NAME_ETHIOPIA_ADIGRAT'),	
			('CIVILIZATION_SUK_ETHIOPIA',			'LOC_CITY_NAME_ETHIOPIA_DEBRE_MARKOS'),	
			('CIVILIZATION_SUK_ETHIOPIA',			'LOC_CITY_NAME_ETHIOPIA_DEBRE_TABOR'),	
			('CIVILIZATION_SUK_ETHIOPIA',			'LOC_CITY_NAME_ETHIOPIA_SHIRE'),	
			('CIVILIZATION_SUK_ETHIOPIA',			'LOC_CITY_NAME_ETHIOPIA_SEBETA'),	
			('CIVILIZATION_SUK_ETHIOPIA',			'LOC_CITY_NAME_ETHIOPIA_AMBO'),	
			('CIVILIZATION_SUK_ETHIOPIA',			'LOC_CITY_NAME_ETHIOPIA_NEGELE_ARSI'),	
			('CIVILIZATION_SUK_ETHIOPIA',			'LOC_CITY_NAME_ETHIOPIA_GAMBELA'),	
			('CIVILIZATION_SUK_ETHIOPIA',			'LOC_CITY_NAME_ETHIOPIA_ZIWAY'),	
			('CIVILIZATION_SUK_ETHIOPIA',			'LOC_CITY_NAME_ETHIOPIA_WELDIYA'),	
			('CIVILIZATION_SUK_ETHIOPIA',			'LOC_CITY_NAME_ETHIOPIA_KOMBOLCHA'),	
			('CIVILIZATION_SUK_ETHIOPIA',			'LOC_CITY_NAME_ETHIOPIA_ASAITA'),	
			('CIVILIZATION_SUK_ETHIOPIA',			'LOC_CITY_NAME_ETHIOPIA_DELGHI'),	
			('CIVILIZATION_SUK_ETHIOPIA',			'LOC_CITY_NAME_ETHIOPIA_ADDIS_ZEMEN'),	
			('CIVILIZATION_SUK_ETHIOPIA',			'LOC_CITY_NAME_ETHIOPIA_DEBRE_WERQ'),	
			('CIVILIZATION_SUK_ETHIOPIA',			'LOC_CITY_NAME_ETHIOPIA_DEJEN'),	
			('CIVILIZATION_SUK_ETHIOPIA',			'LOC_CITY_NAME_ETHIOPIA_ARBOYE'),	
			('CIVILIZATION_SUK_ETHIOPIA',			'LOC_CITY_NAME_ETHIOPIA_BICHENA'),	
			('CIVILIZATION_SUK_ETHIOPIA',			'LOC_CITY_NAME_ETHIOPIA_BATI'),	
			('CIVILIZATION_SUK_ETHIOPIA',			'LOC_CITY_NAME_ETHIOPIA_DABAT'),	
			('CIVILIZATION_SUK_ETHIOPIA',			'LOC_CITY_NAME_ETHIOPIA_MOJO'),	
			('CIVILIZATION_SUK_ETHIOPIA',			'LOC_CITY_NAME_ETHIOPIA_NEGASH'),	
			('CIVILIZATION_SUK_ETHIOPIA',			'LOC_CITY_NAME_ETHIOPIA_KOBO'),	
			('CIVILIZATION_SUK_ETHIOPIA',			'LOC_CITY_NAME_ETHIOPIA_DANGILA'),	
			('CIVILIZATION_SUK_ETHIOPIA',			'LOC_CITY_NAME_ETHIOPIA_GORGORA'),	
			('CIVILIZATION_SUK_ETHIOPIA',			'LOC_CITY_NAME_ETHIOPIA_CHENCHA'),	
			('CIVILIZATION_SUK_ETHIOPIA',			'LOC_CITY_NAME_ETHIOPIA_GELEMSO'),	
			('CIVILIZATION_SUK_ETHIOPIA',			'LOC_CITY_NAME_ETHIOPIA_SOKORU'),	
			('CIVILIZATION_SUK_ETHIOPIA',			'LOC_CITY_NAME_ETHIOPIA_IRGALEM'),	
			('CIVILIZATION_SUK_ETHIOPIA',			'LOC_CITY_NAME_ETHIOPIA_KEBRI_MANGEST'),	
			('CIVILIZATION_SUK_ETHIOPIA',			'LOC_CITY_NAME_ETHIOPIA_DEBRE_MARQOS'),	
			('CIVILIZATION_SUK_ETHIOPIA',			'LOC_CITY_NAME_ETHIOPIA_FINOTE_SELAM'),	
			('CIVILIZATION_SUK_ETHIOPIA',			'LOC_CITY_NAME_ETHIOPIA_MOTA'),	
			('CIVILIZATION_SUK_ETHIOPIA',			'LOC_CITY_NAME_ETHIOPIA_KONSO');
-------------------------------------
-- CivilizationCitizenNames
-------------------------------------	
INSERT INTO CivilizationCitizenNames	
		(CivilizationType,						CitizenName,									Female,		Modern)
VALUES	('CIVILIZATION_SUK_ETHIOPIA',			'LOC_CITIZEN_SUK_ETHIOPIA_MALE_1',				0,			0),
		('CIVILIZATION_SUK_ETHIOPIA',			'LOC_CITIZEN_SUK_ETHIOPIA_MALE_2',				0,			0),
		('CIVILIZATION_SUK_ETHIOPIA',			'LOC_CITIZEN_SUK_ETHIOPIA_MALE_3',				0,			0),
		('CIVILIZATION_SUK_ETHIOPIA',			'LOC_CITIZEN_SUK_ETHIOPIA_MALE_4',				0,			0),
		('CIVILIZATION_SUK_ETHIOPIA',			'LOC_CITIZEN_SUK_ETHIOPIA_MALE_5',				0,			0),
		('CIVILIZATION_SUK_ETHIOPIA',			'LOC_CITIZEN_SUK_ETHIOPIA_MALE_6',				0,			0),
		('CIVILIZATION_SUK_ETHIOPIA',			'LOC_CITIZEN_SUK_ETHIOPIA_MALE_7',				0,			0),
		('CIVILIZATION_SUK_ETHIOPIA',			'LOC_CITIZEN_SUK_ETHIOPIA_MALE_8',				0,			0),
		('CIVILIZATION_SUK_ETHIOPIA',			'LOC_CITIZEN_SUK_ETHIOPIA_MALE_9',				0,			0),
		('CIVILIZATION_SUK_ETHIOPIA',			'LOC_CITIZEN_SUK_ETHIOPIA_MALE_10',				0,			0),
		('CIVILIZATION_SUK_ETHIOPIA',			'LOC_CITIZEN_SUK_ETHIOPIA_FEMALE_1',			1,			0),
		('CIVILIZATION_SUK_ETHIOPIA',			'LOC_CITIZEN_SUK_ETHIOPIA_FEMALE_2',			1,			0),
		('CIVILIZATION_SUK_ETHIOPIA',			'LOC_CITIZEN_SUK_ETHIOPIA_FEMALE_3',			1,			0),
		('CIVILIZATION_SUK_ETHIOPIA',			'LOC_CITIZEN_SUK_ETHIOPIA_FEMALE_4',			1,			0),
		('CIVILIZATION_SUK_ETHIOPIA',			'LOC_CITIZEN_SUK_ETHIOPIA_FEMALE_5',			1,			0),
		('CIVILIZATION_SUK_ETHIOPIA',			'LOC_CITIZEN_SUK_ETHIOPIA_FEMALE_6',			1,			0),
		('CIVILIZATION_SUK_ETHIOPIA',			'LOC_CITIZEN_SUK_ETHIOPIA_FEMALE_7',			1,			0),
		('CIVILIZATION_SUK_ETHIOPIA',			'LOC_CITIZEN_SUK_ETHIOPIA_FEMALE_8',			1,			0),
		('CIVILIZATION_SUK_ETHIOPIA',			'LOC_CITIZEN_SUK_ETHIOPIA_FEMALE_9',			1,			0),
		('CIVILIZATION_SUK_ETHIOPIA',			'LOC_CITIZEN_SUK_ETHIOPIA_FEMALE_10',			1,			0),
		('CIVILIZATION_SUK_ETHIOPIA',			'LOC_CITIZEN_SUK_ETHIOPIA_MODERN_MALE_1',		0,			1),
		('CIVILIZATION_SUK_ETHIOPIA',			'LOC_CITIZEN_SUK_ETHIOPIA_MODERN_MALE_2',		0,			1),
		('CIVILIZATION_SUK_ETHIOPIA',			'LOC_CITIZEN_SUK_ETHIOPIA_MODERN_MALE_3',		0,			1),
		('CIVILIZATION_SUK_ETHIOPIA',			'LOC_CITIZEN_SUK_ETHIOPIA_MODERN_MALE_4',		0,			1),
		('CIVILIZATION_SUK_ETHIOPIA',			'LOC_CITIZEN_SUK_ETHIOPIA_MODERN_MALE_5',		0,			1),
		('CIVILIZATION_SUK_ETHIOPIA',			'LOC_CITIZEN_SUK_ETHIOPIA_MODERN_MALE_6',		0,			1),
		('CIVILIZATION_SUK_ETHIOPIA',			'LOC_CITIZEN_SUK_ETHIOPIA_MODERN_MALE_7',		0,			1),
		('CIVILIZATION_SUK_ETHIOPIA',			'LOC_CITIZEN_SUK_ETHIOPIA_MODERN_MALE_8',		0,			1),
		('CIVILIZATION_SUK_ETHIOPIA',			'LOC_CITIZEN_SUK_ETHIOPIA_MODERN_MALE_9',		0,			1),
		('CIVILIZATION_SUK_ETHIOPIA',			'LOC_CITIZEN_SUK_ETHIOPIA_MODERN_MALE_10',		0,			1),
		('CIVILIZATION_SUK_ETHIOPIA',			'LOC_CITIZEN_SUK_ETHIOPIA_MODERN_FEMALE_1',		1,			1),
		('CIVILIZATION_SUK_ETHIOPIA',			'LOC_CITIZEN_SUK_ETHIOPIA_MODERN_FEMALE_2',		1,			1),
		('CIVILIZATION_SUK_ETHIOPIA',			'LOC_CITIZEN_SUK_ETHIOPIA_MODERN_FEMALE_3',		1,			1),
		('CIVILIZATION_SUK_ETHIOPIA',			'LOC_CITIZEN_SUK_ETHIOPIA_MODERN_FEMALE_4',		1,			1),
		('CIVILIZATION_SUK_ETHIOPIA',			'LOC_CITIZEN_SUK_ETHIOPIA_MODERN_FEMALE_5',		1,			1),
		('CIVILIZATION_SUK_ETHIOPIA',			'LOC_CITIZEN_SUK_ETHIOPIA_MODERN_FEMALE_6',		1,			1),
		('CIVILIZATION_SUK_ETHIOPIA',			'LOC_CITIZEN_SUK_ETHIOPIA_MODERN_FEMALE_7',		1,			1),
		('CIVILIZATION_SUK_ETHIOPIA',			'LOC_CITIZEN_SUK_ETHIOPIA_MODERN_FEMALE_8',		1,			1),
		('CIVILIZATION_SUK_ETHIOPIA',			'LOC_CITIZEN_SUK_ETHIOPIA_MODERN_FEMALE_9',		1,			1),
		('CIVILIZATION_SUK_ETHIOPIA',			'LOC_CITIZEN_SUK_ETHIOPIA_MODERN_FEMALE_10',	1,			1);			
-------------------------------------			
-- StartBiasTerrains			
-------------------------------------	
INSERT INTO StartBiasTerrains	
		(CivilizationType,						TerrainType,	Tier)
SELECT	'CIVILIZATION_SUK_ETHIOPIA',			TerrainType,	Tier
FROM StartBiasTerrains WHERE CivilizationType = 'CIVILIZATION_GREECE';
-------------------------------------			
-- CivilizationInfo			
-------------------------------------		
INSERT INTO CivilizationInfo	
			(CivilizationType,					Header,						Caption,									SortIndex)	
VALUES		('CIVILIZATION_SUK_ETHIOPIA',		'LOC_CIVINFO_LOCATION',		'LOC_CIVINFO_SUK_ETHIOPIA_LOCATION',		10),	
			('CIVILIZATION_SUK_ETHIOPIA',		'LOC_CIVINFO_SIZE',			'LOC_CIVINFO_SUK_ETHIOPIA_SIZE',			20),	
			('CIVILIZATION_SUK_ETHIOPIA',		'LOC_CIVINFO_POPULATION',	'LOC_CIVINFO_SUK_ETHIOPIA_POPULATION',		30),	
			('CIVILIZATION_SUK_ETHIOPIA',		'LOC_CIVINFO_CAPITAL', 		'LOC_CIVINFO_SUK_ETHIOPIA_CAPITAL',			40);
--==========================================================================================================================
-- TRAITS
--==========================================================================================================================
-- Types
-------------------------------------	
INSERT INTO Types	
		(Type,														Kind)
VALUES	('TRAIT_CIVILIZATION_SUK_SOLOMONIC_DYNASTY',				'KIND_TRAIT'),
		('TRAIT_CIVILIZATION_UNIT_SUK_SHOTELAI',					'KIND_TRAIT'),
		('TRAIT_CIVILIZATION_BUILDING_SUK_ROCK_HEWN_CHURCH',		'KIND_TRAIT');
-------------------------------------			
-- Traits			
-------------------------------------				
INSERT INTO Traits				
		(TraitType,												Name,															Description)
VALUES	('TRAIT_CIVILIZATION_SUK_SOLOMONIC_DYNASTY',			'LOC_TRAIT_CIVILIZATION_SUK_SOLOMONIC_DYNASTY_NAME',			'LOC_TRAIT_CIVILIZATION_SUK_SOLOMONIC_DYNASTY_DESCRIPTION'),
		('TRAIT_CIVILIZATION_UNIT_SUK_SHOTELAI',				'LOC_TRAIT_CIVILIZATION_UNIT_SUK_SHOTELAI_NAME',				null),
		('TRAIT_CIVILIZATION_BUILDING_SUK_ROCK_HEWN_CHURCH',	'LOC_TRAIT_CIVILIZATION_BUILDING_SUK_ROCK_HEWN_CHURCH_NAME',	null);
-------------------------------------
-- CivilizationTraits
-------------------------------------	
INSERT INTO CivilizationTraits	
		(TraitType,													CivilizationType)
VALUES	('TRAIT_CIVILIZATION_SUK_SOLOMONIC_DYNASTY',				'CIVILIZATION_SUK_ETHIOPIA'),
		('TRAIT_CIVILIZATION_UNIT_SUK_SHOTELAI',					'CIVILIZATION_SUK_ETHIOPIA'),
		('TRAIT_CIVILIZATION_BUILDING_SUK_ROCK_HEWN_CHURCH',		'CIVILIZATION_SUK_ETHIOPIA');
-------------------------------------
-- TraitModifiers
-------------------------------------
INSERT INTO TraitModifiers			
		(TraitType,													ModifierId)
VALUES	('TRAIT_CIVILIZATION_SUK_SOLOMONIC_DYNASTY', 				'TRAIT_SUK_SOLOMONIC_DYNASTY_FAITH_PURCHASE_UNITS'),

		('TRAIT_CIVILIZATION_SUK_SOLOMONIC_DYNASTY', 				'TRAIT_SUK_SOLOMONIC_DYNASTY_CITY_CENTER_HILLS'),
		('TRAIT_CIVILIZATION_SUK_SOLOMONIC_DYNASTY', 				'TRAIT_SUK_SOLOMONIC_DYNASTY_HOLY_SITE_HILLS');
--==========================================================================================================================
-- MODIFIERS
--==========================================================================================================================
-- Modifiers
-------------------------------------					
INSERT INTO Modifiers			
		(ModifierId,												ModifierType,											OwnerRequirementSetId,	SubjectRequirementSetId)
VALUES	('TRAIT_SUK_SOLOMONIC_DYNASTY_FAITH_PURCHASE_UNITS',		'MODIFIER_PLAYER_CITIES_ENABLE_UNIT_FAITH_PURCHASE',	'ON_TURN_STARTED',		null),

		('TRAIT_SUK_SOLOMONIC_DYNASTY_CITY_CENTER_HILLS',			'MODIFIER_PLAYER_DISTRICTS_ADJUST_YIELD_CHANGE',		null,					'SUK_SOLOMONIC_DYNASTY_CITY_CENTER_HILLS'),
		('TRAIT_SUK_SOLOMONIC_DYNASTY_HOLY_SITE_HILLS',				'MODIFIER_PLAYER_DISTRICTS_ADJUST_YIELD_CHANGE',		null,					'SUK_SOLOMONIC_DYNASTY_HOLY_SITE_HILLS');
-------------------------------------
-- ModifierArguments
-------------------------------------
INSERT INTO ModifierArguments
		(ModifierId,											Name,				Value)
VALUES	('TRAIT_SUK_SOLOMONIC_DYNASTY_FAITH_PURCHASE_UNITS',	'Tag',				'CLASS_SUK_SOLOMONIC_DYNASTY'),
		
		('TRAIT_SUK_SOLOMONIC_DYNASTY_CITY_CENTER_HILLS',		'YieldType',		'YIELD_FAITH'),
		('TRAIT_SUK_SOLOMONIC_DYNASTY_CITY_CENTER_HILLS',		'Amount',			2),

		('TRAIT_SUK_SOLOMONIC_DYNASTY_HOLY_SITE_HILLS',			'YieldType',		'YIELD_FAITH'),
		('TRAIT_SUK_SOLOMONIC_DYNASTY_HOLY_SITE_HILLS',			'Amount',			2);
----------------------------------------------------------------------------------------------------------------------------
-- REQUIREMENTS
----------------------------------------------------------------------------------------------------------------------------
-- RequirementSets
-------------------------------------
INSERT INTO RequirementSets
		(RequirementSetId,											RequirementSetType)
VALUES	('SUK_SOLOMONIC_DYNASTY_CITY_CENTER_HILLS',					'REQUIREMENTSET_TEST_ALL'),
		('SUK_SOLOMONIC_DYNASTY_HOLY_SITE_HILLS',					'REQUIREMENTSET_TEST_ALL');
-------------------------------------
-- RequirementSetRequirements
-------------------------------------
INSERT INTO RequirementSetRequirements
		(RequirementSetId,											RequirementId)
VALUES	('SUK_SOLOMONIC_DYNASTY_CITY_CENTER_HILLS',					'PLOT_IS_HILLS_REQUIREMENT'),
		('SUK_SOLOMONIC_DYNASTY_CITY_CENTER_HILLS',					'REQUIRES_DISTRICT_IS_CITY_CENTER'),

		('SUK_SOLOMONIC_DYNASTY_HOLY_SITE_HILLS',					'PLOT_IS_HILLS_REQUIREMENT'),
		('SUK_SOLOMONIC_DYNASTY_HOLY_SITE_HILLS',					'REQUIRES_DISTRICT_IS_HOLY_SITE');
----------------------------------------------------------------------------------------------------------------------------
-- TAGS
----------------------------------------------------------------------------------------------------------------------------
-- Tags
-----------------------------------------------------------------------------------
INSERT INTO Tags
			(Tag,								Vocabulary)
VALUES		('CLASS_SUK_SOLOMONIC_DYNASTY',		'ABILITY_CLASS');
-----------------------------------------------------------------------------------
-- TypeTags
-----------------------------------------------------------------------------------
INSERT INTO TypeTags
			(Type,						Tag)
VALUES		('UNIT_SETTLER',			'CLASS_SUK_SOLOMONIC_DYNASTY'),
			('UNIT_BUILDER',			'CLASS_SUK_SOLOMONIC_DYNASTY'),
			('UNIT_TRADER',				'CLASS_SUK_SOLOMONIC_DYNASTY');
--==========================================================================================================================
--==========================================================================================================================