-- CVS_Alamut_UU
-- Author: SailorCat
-- DateCreated: 2/5/2018 10:53:42 AM
--------------------------------------------------------------
INSERT INTO THECRAZYSCOTSMAN_DEBUGGING (Document, Marker, Pass) SELECT 'CVS_Alamut_UU', 'BEGIN', 1;
-----------------------------------------------	
-- Types, Tags, TypeTags
-----------------------------------------------	
INSERT INTO Types (Type, Kind)
	VALUES
		('CVS_UNIT_HASHASHIN', 'KIND_UNIT'),
		('CVS_UNIT_ASSASSIN', 'KIND_UNIT'),
		('ABILITY_CVS_HASHASHIN_ERA', 'KIND_ABILITY'),
		('ABILITY_CVS_ASSASSIN_ERA', 'KIND_ABILITY');

INSERT INTO Tags (Tag, Vocabulary)
	VALUES
		('CLASS_CVS_ALAMUT_HASHASHIN', 'ABILITY_CLASS'),
		('CLASS_CVS_ALAMUT_ASSASSIN', 'ABILITY_CLASS');

INSERT INTO TypeTags (Type, Tag)
	VALUES
		('CVS_UNIT_HASHASHIN', 'CLASS_CVS_ALAMUT_HASHASHIN'),
		('CVS_UNIT_ASSASSIN', 'CLASS_CVS_ALAMUT_ASSASSIN'),
		('ABILITY_CVS_HASHASHIN_ERA', 'CLASS_CVS_ALAMUT_HASHASHIN'),
		('ABILITY_CVS_ASSASSIN_ERA', 'CLASS_CVS_ALAMUT_ASSASSIN'),
		('ABILITY_IGNORE_ZOC', 'CLASS_CVS_ALAMUT_HASHASHIN'),
		('ABILITY_IGNORE_ZOC', 'CLASS_CVS_ALAMUT_ASSASSIN'),
		('ABILITY_STEALTH', 'CLASS_CVS_ALAMUT_HASHASHIN'),
		('ABILITY_STEALTH', 'CLASS_CVS_ALAMUT_ASSASSIN'),
		('ABILITY_SEE_HIDDEN', 'CLASS_CVS_ALAMUT_HASHASHIN'),
		('ABILITY_SEE_HIDDEN', 'CLASS_CVS_ALAMUT_ASSASSIN'),
		('ABILITY_FASCISM_ATTACK_BUFF', 'CLASS_CVS_ALAMUT_HASHASHIN'),
		('ABILITY_FASCISM_ATTACK_BUFF', 'CLASS_CVS_ALAMUT_ASSASSIN'),
		('ABILITY_COMMUNISM_DEFENSE_BUFF', 'CLASS_CVS_ALAMUT_HASHASHIN'),
		('ABILITY_COMMUNISM_DEFENSE_BUFF', 'CLASS_CVS_ALAMUT_ASSASSIN');

-----------------------------------------------	
-- UnitAbilities
-----------------------------------------------	
INSERT INTO UnitAbilities (UnitAbilityType, Name, Description)
	VALUES	
		('ABILITY_CVS_HASHASHIN_ERA', 'LOC_ABILITY_CVS_HASHASHIN_ERA_NAME', 'LOC_ABILITY_CVS_HASHASHIN_ERA_DESCRIPTION'),
		('ABILITY_CVS_ASSASSIN_ERA', 'LOC_ABILITY_CVS_ASSASSIN_ERA_NAME', 'LOC_ABILITY_CVS_ASSASSIN_ERA_DESCRIPTION');

INSERT INTO UnitAbilityModifiers (UnitAbilityType, ModifierId)
	VALUES
		('ABILITY_CVS_HASHASHIN_ERA', 'ABILITY_CVS_HASHASHIN_MEDIEVAL_ATTACK_BOOST'),
		('ABILITY_CVS_HASHASHIN_ERA', 'ABILITY_CVS_HASHASHIN_MEDIEVAL_DEFENSE_BOOST'),
		('ABILITY_CVS_ASSASSIN_ERA', 'ABILITY_CVS_ASSASSIN_INFORMATION_ATTACK_BOOST'),
		('ABILITY_CVS_ASSASSIN_ERA', 'ABILITY_CVS_ASSASSIN_INFORMATION_DEFENSE_BOOST');

INSERT INTO Modifiers (ModifierId, ModifierType, OwnerRequirementSetId, SubjectRequirementSetId)
	VALUES
		('ABILITY_CVS_HASHASHIN_MEDIEVAL_ATTACK_BOOST', 'MODIFIER_UNIT_ADJUST_COMBAT_STRENGTH', 'CVS_ALAMUT_MEDIEVAL_ERA_REQUIREMENTSET', 'CVS_ALAMUT_UNIT_IS_ATTACKING_REQUIREMENTSET'),
		('ABILITY_CVS_HASHASHIN_MEDIEVAL_DEFENSE_BOOST', 'MODIFIER_UNIT_ADJUST_COMBAT_STRENGTH', 'CVS_ALAMUT_MEDIEVAL_ERA_REQUIREMENTSET', 'CVS_ALAMUT_UNIT_IS_DEFENDING_REQUIREMENTSET'),
		('ABILITY_CVS_ASSASSIN_INFORMATION_ATTACK_BOOST', 'MODIFIER_UNIT_ADJUST_COMBAT_STRENGTH', 'CVS_ALAMUT_INFORMATION_ERA_REQUIREMENTSET', 'CVS_ALAMUT_UNIT_IS_ATTACKING_REQUIREMENTSET'),
		('ABILITY_CVS_ASSASSIN_INFORMATION_DEFENSE_BOOST', 'MODIFIER_UNIT_ADJUST_COMBAT_STRENGTH', 'CVS_ALAMUT_INFORMATION_ERA_REQUIREMENTSET', 'CVS_ALAMUT_UNIT_IS_DEFENDING_REQUIREMENTSET');

INSERT INTO ModifierArguments (ModifierId, Name, Value)
	VALUES
		('ABILITY_CVS_HASHASHIN_MEDIEVAL_ATTACK_BOOST', 'Amount', 15),
		('ABILITY_CVS_HASHASHIN_MEDIEVAL_DEFENSE_BOOST', 'Amount', 5),
		('ABILITY_CVS_ASSASSIN_INFORMATION_ATTACK_BOOST', 'Amount', 15),
		('ABILITY_CVS_ASSASSIN_INFORMATION_DEFENSE_BOOST', 'Amount', 10);

INSERT INTO RequirementSets (RequirementSetId, RequirementSetType)
	VALUES
		('CVS_ALAMUT_MEDIEVAL_ERA_REQUIREMENTSET', 'REQUIREMENTSET_TEST_ALL'),
		('CVS_ALAMUT_INFORMATION_ERA_REQUIREMENTSET', 'REQUIREMENTSET_TEST_ALL'),
		('CVS_ALAMUT_UNIT_IS_ATTACKING_REQUIREMENTSET', 'REQUIREMENTSET_TEST_ALL'),
		('CVS_ALAMUT_UNIT_IS_DEFENDING_REQUIREMENTSET', 'REQUIREMENTSET_TEST_ALL');

INSERT INTO RequirementSetRequirements (RequirementSetId, RequirementId)
	VALUES
		('CVS_ALAMUT_MEDIEVAL_ERA_REQUIREMENTSET', 'CVS_ALAMUT_REQUIRES_MEDIEVAL_ERA'),
		('CVS_ALAMUT_INFORMATION_ERA_REQUIREMENTSET', 'CVS_ALAMUT_REQUIRES_INFORMATION_ERA'),
		('CVS_ALAMUT_UNIT_IS_ATTACKING_REQUIREMENTSET', 'PLAYER_IS_ATTACKER_REQUIREMENTS'),
		('CVS_ALAMUT_UNIT_IS_DEFENDING_REQUIREMENTSET', 'PLAYER_IS_DEFENDER_REQUIREMENTS');

INSERT INTO Requirements (RequirementId, RequirementType)
	VALUES
		('CVS_ALAMUT_REQUIRES_MEDIEVAL_ERA', 'REQUIREMENT_PLAYER_ERA_AT_LEAST'),
		('CVS_ALAMUT_REQUIRES_INFORMATION_ERA', 'REQUIREMENT_PLAYER_ERA_AT_LEAST');

INSERT INTO RequirementArguments (RequirementId, Name, Value)
	VALUES
		('CVS_ALAMUT_REQUIRES_MEDIEVAL_ERA', 'EraType', 'ERA_MEDIEVAL'),
		('CVS_ALAMUT_REQUIRES_INFORMATION_ERA', 'EraType', 'ERA_INFORMATION');

INSERT INTO ModifierStrings (ModifierId, Context, Text)
	VALUES
		('ABILITY_CVS_HASHASHIN_MEDIEVAL_ATTACK_BOOST', 'Preview', 'LOC_ABILITY_CVS_HASHASHIN_MEDIEVAL_ATTACK_BOOST_DESCRIPTION'),
		('ABILITY_CVS_HASHASHIN_MEDIEVAL_DEFENSE_BOOST', 'Preview', 'LOC_ABILITY_CVS_HASHASHIN_MEDIEVAL_DEFENSE_BOOST_DESCRIPTION'),
		('ABILITY_CVS_ASSASSIN_INFORMATION_ATTACK_BOOST', 'Preview', 'LOC_ABILITY_CVS_ASSASSIN_INFORMATION_ATTACK_BOOST_DESCRIPTION'),
		('ABILITY_CVS_ASSASSIN_INFORMATION_DEFENSE_BOOST', 'Preview', 'LOC_ABILITY_CVS_ASSASSIN_INFORMATION_DEFENSE_BOOST_DESCRIPTION');

-----------------------------------------------	
-- Units
-----------------------------------------------	
INSERT INTO UnitAiInfos (UnitType, AiType)
	VALUES
		('CVS_UNIT_HASHASHIN', 'UNITAI_COMBAT'),
		('CVS_UNIT_HASHASHIN', 'UNITAI_EXPLORE'),
		('CVS_UNIT_HASHASHIN', 'UNITTYPE_RANGED'),
		('CVS_UNIT_HASHASHIN', 'UNITTYPE_LAND_COMBAT'),
		('CVS_UNIT_ASSASSIN', 'UNITAI_COMBAT'),
		('CVS_UNIT_ASSASSIN', 'UNITAI_EXPLORE'),
		('CVS_UNIT_ASSASSIN', 'UNITTYPE_RANGED'),
		('CVS_UNIT_ASSASSIN', 'UNITTYPE_LAND_COMBAT');

INSERT INTO Units (UnitType, Name, Description, BaseMoves, Cost, MustPurchase, PurchaseYield, AdvisorType, RangedCombat, Range, Combat, BaseSightRange, ZoneOfControl, Domain, FormationClass, PromotionClass, Maintenance, PrereqTech, MandatoryObsoleteTech, StrategicResource, CostProgressionModel, CostProgressionParam1)
	VALUES
		('CVS_UNIT_HASHASHIN', 'LOC_CVS_UNIT_HASHASHIN_NAME', 'LOC_CVS_UNIT_HASHASHIN_DESCRIPTION', 2, 90, 1, 'YIELD_GOLD', 'ADVISOR_CONQUEST', 30, 1, 20, 2, 1, 'DOMAIN_LAND', 'FORMATION_CLASS_LAND_COMBAT', 'PROMOTION_CLASS_CVS_ALAMUT', 2, NULL, 'TECH_RIFLING', 'CVS_RESOURCE_ALAMUT', 'COST_PROGRESSION_PREVIOUS_COPIES', 60),
		('CVS_UNIT_ASSASSIN', 'LOC_CVS_UNIT_ASSASSIN_NAME', 'LOC_CVS_UNIT_ASSASSIN_DESCRIPTION', 2, 380, 1, 'YIELD_GOLD', 'ADVISOR_CONQUEST', 70, 1, 45, 2, 1, 'DOMAIN_LAND', 'FORMATION_CLASS_LAND_COMBAT', 'PROMOTION_CLASS_CVS_ALAMUT', 4, 'TECH_RIFLING', NULL, 'CVS_RESOURCE_ALAMUT', 'COST_PROGRESSION_PREVIOUS_COPIES', 90);

INSERT INTO UnitUpgrades (Unit, UpgradeUnit)
	VALUES
		('CVS_UNIT_HASHASHIN', 'CVS_UNIT_ASSASSIN');

INSERT INTO Unit_BuildingPrereqs (Unit, PrereqBuilding)
	VALUES
		('CVS_UNIT_HASHASHIN', 'BUILDING_PALACE'),
		('CVS_UNIT_ASSASSIN', 'BUILDING_PALACE');

INSERT INTO THECRAZYSCOTSMAN_DEBUGGING (Document, Marker, Pass) SELECT 'CVS_Alamut_UU', 'END', 1;