/*
	UA
	Authors: ChimpanG
*/

-----------------------------------------------
-- Types
-----------------------------------------------

INSERT INTO	Types
		(Type,										Kind			)
VALUES	('TRAIT_CIVILIZATION_CVS_ARMENIA_UA',		'KIND_TRAIT'	),
		('MODTYPE_CVS_ARMENIA_UA_ATTACH_CITIES',	'KIND_MODIFIER'	),
		('MODTYPE_CVS_ARMENIA_UA_CITY_STRENGTH',	'KIND_MODIFIER'	),
		('MODTYPE_CVS_ARMENIA_UA_RANGED_STRIKE',	'KIND_MODIFIER'	),
		('MODTYPE_CVS_ARMENIA_UA_ALLIANCE_POINTS',	'KIND_MODIFIER'	);

-----------------------------------------------
-- Traits
-----------------------------------------------

INSERT INTO	Traits	
		(TraitType,								Name,											Description											)
VALUES	('TRAIT_CIVILIZATION_CVS_ARMENIA_UA',	'LOC_TRAIT_CIVILIZATION_CVS_ARMENIA_UA_NAME',	'LOC_TRAIT_CIVILIZATION_CVS_ARMENIA_UA_DESCRIPTION'	);
		
-----------------------------------------------
-- CivilizationTraits
-----------------------------------------------

INSERT INTO	CivilizationTraits
		(CivilizationType,				TraitType							)
VALUES	('CIVILIZATION_CVS_ARMENIA',	'TRAIT_CIVILIZATION_CVS_ARMENIA_UA'	);

-----------------------------------------------
-- TraitModifiers
-----------------------------------------------

INSERT INTO	TraitModifiers	
		(TraitType,								ModifierId											)
VALUES	('TRAIT_CIVILIZATION_CVS_ARMENIA_UA',	'MODIFIER_CVS_ARMENIA_UA_ALLIANCE_POINTS'			),
		('TRAIT_CIVILIZATION_CVS_ARMENIA_UA',	'MODIFIER_CVS_ARMENIA_UA_CITY_STRENGTH_1_ATTACH'	),
		('TRAIT_CIVILIZATION_CVS_ARMENIA_UA',	'MODIFIER_CVS_ARMENIA_UA_CITY_STRENGTH_2_ATTACH'	),
		('TRAIT_CIVILIZATION_CVS_ARMENIA_UA',	'MODIFIER_CVS_ARMENIA_UA_CITY_STRENGTH_3_ATTACH'	),
		('TRAIT_CIVILIZATION_CVS_ARMENIA_UA',	'MODIFIER_CVS_ARMENIA_UA_CITY_STRENGTH_4_ATTACH'	),
		('TRAIT_CIVILIZATION_CVS_ARMENIA_UA',	'MODIFIER_CVS_ARMENIA_UA_CITY_STRENGTH_5_ATTACH'	),
		('TRAIT_CIVILIZATION_CVS_ARMENIA_UA',	'MODIFIER_CVS_ARMENIA_UA_CITY_STRENGTH_6_ATTACH'	),
		('TRAIT_CIVILIZATION_CVS_ARMENIA_UA',	'MODIFIER_CVS_ARMENIA_UA_CITY_STRENGTH_7_ATTACH'	),
		('TRAIT_CIVILIZATION_CVS_ARMENIA_UA',	'MODIFIER_CVS_ARMENIA_UA_CITY_STRENGTH_8_ATTACH'	),
		('TRAIT_CIVILIZATION_CVS_ARMENIA_UA',	'MODIFIER_CVS_ARMENIA_UA_CITY_STRENGTH_9_ATTACH'	),
		('TRAIT_CIVILIZATION_CVS_ARMENIA_UA',	'MODIFIER_CVS_ARMENIA_UA_CITY_STRENGTH_10_ATTACH'	),
		('TRAIT_CIVILIZATION_CVS_ARMENIA_UA',	'MODIFIER_CVS_ARMENIA_UA_CITY_STRENGTH_11_ATTACH'	),
		('TRAIT_CIVILIZATION_CVS_ARMENIA_UA',	'MODIFIER_CVS_ARMENIA_UA_CITY_STRENGTH_12_ATTACH'	),
		('TRAIT_CIVILIZATION_CVS_ARMENIA_UA',	'MODIFIER_CVS_ARMENIA_UA_CITY_STRENGTH_13_ATTACH'	),
		('TRAIT_CIVILIZATION_CVS_ARMENIA_UA',	'MODIFIER_CVS_ARMENIA_UA_CITY_STRENGTH_14_ATTACH'	),
		('TRAIT_CIVILIZATION_CVS_ARMENIA_UA',	'MODIFIER_CVS_ARMENIA_UA_CITY_STRENGTH_15_ATTACH'	),
		('TRAIT_CIVILIZATION_CVS_ARMENIA_UA',	'MODIFIER_CVS_ARMENIA_UA_CITY_STRENGTH_16_ATTACH'	),
		('TRAIT_CIVILIZATION_CVS_ARMENIA_UA',	'MODIFIER_CVS_ARMENIA_UA_CITY_STRENGTH_17_ATTACH'	),
		('TRAIT_CIVILIZATION_CVS_ARMENIA_UA',	'MODIFIER_CVS_ARMENIA_UA_CITY_STRENGTH_18_ATTACH'	),
		('TRAIT_CIVILIZATION_CVS_ARMENIA_UA',	'MODIFIER_CVS_ARMENIA_UA_CITY_STRENGTH_19_ATTACH'	),
		('TRAIT_CIVILIZATION_CVS_ARMENIA_UA',	'MODIFIER_CVS_ARMENIA_UA_CITY_STRENGTH_20_ATTACH'	),
		('TRAIT_CIVILIZATION_CVS_ARMENIA_UA',	'MODIFIER_CVS_ARMENIA_UA_CITY_STRENGTH_21_ATTACH'	),
		('TRAIT_CIVILIZATION_CVS_ARMENIA_UA',	'MODIFIER_CVS_ARMENIA_UA_CITY_STRENGTH_22_ATTACH'	),
		('TRAIT_CIVILIZATION_CVS_ARMENIA_UA',	'MODIFIER_CVS_ARMENIA_UA_RANGED_STRIKE_1_ATTACH'	),
		('TRAIT_CIVILIZATION_CVS_ARMENIA_UA',	'MODIFIER_CVS_ARMENIA_UA_RANGED_STRIKE_2_ATTACH'	),
		('TRAIT_CIVILIZATION_CVS_ARMENIA_UA',	'MODIFIER_CVS_ARMENIA_UA_RANGED_STRIKE_3_ATTACH'	),
		('TRAIT_CIVILIZATION_CVS_ARMENIA_UA',	'MODIFIER_CVS_ARMENIA_UA_RANGED_STRIKE_4_ATTACH'	),
		('TRAIT_CIVILIZATION_CVS_ARMENIA_UA',	'MODIFIER_CVS_ARMENIA_UA_RANGED_STRIKE_5_ATTACH'	),
		('TRAIT_CIVILIZATION_CVS_ARMENIA_UA',	'MODIFIER_CVS_ARMENIA_UA_RANGED_STRIKE_6_ATTACH'	),
		('TRAIT_CIVILIZATION_CVS_ARMENIA_UA',	'MODIFIER_CVS_ARMENIA_UA_RANGED_STRIKE_7_ATTACH'	),
		('TRAIT_CIVILIZATION_CVS_ARMENIA_UA',	'MODIFIER_CVS_ARMENIA_UA_RANGED_STRIKE_8_ATTACH'	),
		('TRAIT_CIVILIZATION_CVS_ARMENIA_UA',	'MODIFIER_CVS_ARMENIA_UA_RANGED_STRIKE_9_ATTACH'	),
		('TRAIT_CIVILIZATION_CVS_ARMENIA_UA',	'MODIFIER_CVS_ARMENIA_UA_RANGED_STRIKE_10_ATTACH'	),
		('TRAIT_CIVILIZATION_CVS_ARMENIA_UA',	'MODIFIER_CVS_ARMENIA_UA_RANGED_STRIKE_11_ATTACH'	),
		('TRAIT_CIVILIZATION_CVS_ARMENIA_UA',	'MODIFIER_CVS_ARMENIA_UA_RANGED_STRIKE_12_ATTACH'	),
		('TRAIT_CIVILIZATION_CVS_ARMENIA_UA',	'MODIFIER_CVS_ARMENIA_UA_RANGED_STRIKE_13_ATTACH'	),
		('TRAIT_CIVILIZATION_CVS_ARMENIA_UA',	'MODIFIER_CVS_ARMENIA_UA_RANGED_STRIKE_14_ATTACH'	),
		('TRAIT_CIVILIZATION_CVS_ARMENIA_UA',	'MODIFIER_CVS_ARMENIA_UA_RANGED_STRIKE_15_ATTACH'	),
		('TRAIT_CIVILIZATION_CVS_ARMENIA_UA',	'MODIFIER_CVS_ARMENIA_UA_RANGED_STRIKE_16_ATTACH'	),
		('TRAIT_CIVILIZATION_CVS_ARMENIA_UA',	'MODIFIER_CVS_ARMENIA_UA_RANGED_STRIKE_17_ATTACH'	),
		('TRAIT_CIVILIZATION_CVS_ARMENIA_UA',	'MODIFIER_CVS_ARMENIA_UA_RANGED_STRIKE_18_ATTACH'	),
		('TRAIT_CIVILIZATION_CVS_ARMENIA_UA',	'MODIFIER_CVS_ARMENIA_UA_RANGED_STRIKE_19_ATTACH'	),
		('TRAIT_CIVILIZATION_CVS_ARMENIA_UA',	'MODIFIER_CVS_ARMENIA_UA_RANGED_STRIKE_20_ATTACH'	),
		('TRAIT_CIVILIZATION_CVS_ARMENIA_UA',	'MODIFIER_CVS_ARMENIA_UA_RANGED_STRIKE_21_ATTACH'	),
		('TRAIT_CIVILIZATION_CVS_ARMENIA_UA',	'MODIFIER_CVS_ARMENIA_UA_RANGED_STRIKE_22_ATTACH'	);

-----------------------------------------------
-- DynamicModifiers
-----------------------------------------------

INSERT INTO	DynamicModifiers
		(ModifierType,								CollectionType,				EffectType										)
VALUES	('MODTYPE_CVS_ARMENIA_UA_ATTACH_CITIES',	'COLLECTION_PLAYER_CITIES',	'EFFECT_ATTACH_MODIFIER'						),
		('MODTYPE_CVS_ARMENIA_UA_CITY_STRENGTH',	'COLLECTION_OWNER',			'EFFECT_ADJUST_CITY_OUTER_DEFENSE'				),
		('MODTYPE_CVS_ARMENIA_UA_RANGED_STRIKE',	'COLLECTION_OWNER',			'EFFECT_ADJUST_CITY_RANGED_STRIKE'				),
		('MODTYPE_CVS_ARMENIA_UA_ALLIANCE_POINTS',	'COLLECTION_OWNER',			'EFFECT_ADJUST_ALLIANCE_POINTS_FOR_MODIFIER'	);

-----------------------------------------------
-- Modifiers
-----------------------------------------------

INSERT INTO Modifiers
		(ModifierId,										ModifierType,								SubjectRequirementSetId					)
VALUES	('MODIFIER_CVS_ARMENIA_UA_ALLIANCE_POINTS',			'MODTYPE_CVS_ARMENIA_UA_ALLIANCE_POINTS',	NULL									),
		('MODIFIER_CVS_ARMENIA_UA_CITY_STRENGTH_1_ATTACH',	'MODTYPE_CVS_ARMENIA_UA_ATTACH_CITIES',		'REQSET_CVS_ARMENIA_UA_HAS_1_MOUNTAIN'	),
		('MODIFIER_CVS_ARMENIA_UA_CITY_STRENGTH_1',			'MODTYPE_CVS_ARMENIA_UA_CITY_STRENGTH',		NULL									),
		('MODIFIER_CVS_ARMENIA_UA_CITY_STRENGTH_2_ATTACH',	'MODTYPE_CVS_ARMENIA_UA_ATTACH_CITIES',		'REQSET_CVS_ARMENIA_UA_HAS_2_MOUNTAIN'	),
		('MODIFIER_CVS_ARMENIA_UA_CITY_STRENGTH_2',			'MODTYPE_CVS_ARMENIA_UA_CITY_STRENGTH',		NULL									),
		('MODIFIER_CVS_ARMENIA_UA_CITY_STRENGTH_3_ATTACH',	'MODTYPE_CVS_ARMENIA_UA_ATTACH_CITIES',		'REQSET_CVS_ARMENIA_UA_HAS_3_MOUNTAIN'	),
		('MODIFIER_CVS_ARMENIA_UA_CITY_STRENGTH_3',			'MODTYPE_CVS_ARMENIA_UA_CITY_STRENGTH',		NULL									),
		('MODIFIER_CVS_ARMENIA_UA_CITY_STRENGTH_4_ATTACH',	'MODTYPE_CVS_ARMENIA_UA_ATTACH_CITIES',		'REQSET_CVS_ARMENIA_UA_HAS_4_MOUNTAIN'	),
		('MODIFIER_CVS_ARMENIA_UA_CITY_STRENGTH_4',			'MODTYPE_CVS_ARMENIA_UA_CITY_STRENGTH',		NULL									),
		('MODIFIER_CVS_ARMENIA_UA_CITY_STRENGTH_5_ATTACH',	'MODTYPE_CVS_ARMENIA_UA_ATTACH_CITIES',		'REQSET_CVS_ARMENIA_UA_HAS_5_MOUNTAIN'	),
		('MODIFIER_CVS_ARMENIA_UA_CITY_STRENGTH_5',			'MODTYPE_CVS_ARMENIA_UA_CITY_STRENGTH',		NULL									),
		('MODIFIER_CVS_ARMENIA_UA_CITY_STRENGTH_6_ATTACH',	'MODTYPE_CVS_ARMENIA_UA_ATTACH_CITIES',		'REQSET_CVS_ARMENIA_UA_HAS_6_MOUNTAIN'	),
		('MODIFIER_CVS_ARMENIA_UA_CITY_STRENGTH_6',			'MODTYPE_CVS_ARMENIA_UA_CITY_STRENGTH',		NULL									),
		('MODIFIER_CVS_ARMENIA_UA_CITY_STRENGTH_7_ATTACH',	'MODTYPE_CVS_ARMENIA_UA_ATTACH_CITIES',		'REQSET_CVS_ARMENIA_UA_HAS_7_MOUNTAIN'	),
		('MODIFIER_CVS_ARMENIA_UA_CITY_STRENGTH_7',			'MODTYPE_CVS_ARMENIA_UA_CITY_STRENGTH',		NULL									),
		('MODIFIER_CVS_ARMENIA_UA_CITY_STRENGTH_8_ATTACH',	'MODTYPE_CVS_ARMENIA_UA_ATTACH_CITIES',		'REQSET_CVS_ARMENIA_UA_HAS_8_MOUNTAIN'	),
		('MODIFIER_CVS_ARMENIA_UA_CITY_STRENGTH_8',			'MODTYPE_CVS_ARMENIA_UA_CITY_STRENGTH',		NULL									),
		('MODIFIER_CVS_ARMENIA_UA_CITY_STRENGTH_9_ATTACH',	'MODTYPE_CVS_ARMENIA_UA_ATTACH_CITIES',		'REQSET_CVS_ARMENIA_UA_HAS_9_MOUNTAIN'	),
		('MODIFIER_CVS_ARMENIA_UA_CITY_STRENGTH_9',			'MODTYPE_CVS_ARMENIA_UA_CITY_STRENGTH',		NULL									),
		('MODIFIER_CVS_ARMENIA_UA_CITY_STRENGTH_10_ATTACH',	'MODTYPE_CVS_ARMENIA_UA_ATTACH_CITIES',		'REQSET_CVS_ARMENIA_UA_HAS_10_MOUNTAIN'	),
		('MODIFIER_CVS_ARMENIA_UA_CITY_STRENGTH_10',		'MODTYPE_CVS_ARMENIA_UA_CITY_STRENGTH',		NULL									),
		('MODIFIER_CVS_ARMENIA_UA_CITY_STRENGTH_11_ATTACH',	'MODTYPE_CVS_ARMENIA_UA_ATTACH_CITIES',		'REQSET_CVS_ARMENIA_UA_HAS_11_MOUNTAIN'	),
		('MODIFIER_CVS_ARMENIA_UA_CITY_STRENGTH_11',		'MODTYPE_CVS_ARMENIA_UA_CITY_STRENGTH',		NULL									),
		('MODIFIER_CVS_ARMENIA_UA_CITY_STRENGTH_12_ATTACH',	'MODTYPE_CVS_ARMENIA_UA_ATTACH_CITIES',		'REQSET_CVS_ARMENIA_UA_HAS_12_MOUNTAIN'	),
		('MODIFIER_CVS_ARMENIA_UA_CITY_STRENGTH_12',		'MODTYPE_CVS_ARMENIA_UA_CITY_STRENGTH',		NULL									),
		('MODIFIER_CVS_ARMENIA_UA_CITY_STRENGTH_13_ATTACH',	'MODTYPE_CVS_ARMENIA_UA_ATTACH_CITIES',		'REQSET_CVS_ARMENIA_UA_HAS_13_MOUNTAIN'	),
		('MODIFIER_CVS_ARMENIA_UA_CITY_STRENGTH_13',		'MODTYPE_CVS_ARMENIA_UA_CITY_STRENGTH',		NULL									),
		('MODIFIER_CVS_ARMENIA_UA_CITY_STRENGTH_14_ATTACH',	'MODTYPE_CVS_ARMENIA_UA_ATTACH_CITIES',		'REQSET_CVS_ARMENIA_UA_HAS_14_MOUNTAIN'	),
		('MODIFIER_CVS_ARMENIA_UA_CITY_STRENGTH_14',		'MODTYPE_CVS_ARMENIA_UA_CITY_STRENGTH',		NULL									),
		('MODIFIER_CVS_ARMENIA_UA_CITY_STRENGTH_15_ATTACH',	'MODTYPE_CVS_ARMENIA_UA_ATTACH_CITIES',		'REQSET_CVS_ARMENIA_UA_HAS_15_MOUNTAIN'	),
		('MODIFIER_CVS_ARMENIA_UA_CITY_STRENGTH_15',		'MODTYPE_CVS_ARMENIA_UA_CITY_STRENGTH',		NULL									),
		('MODIFIER_CVS_ARMENIA_UA_CITY_STRENGTH_16_ATTACH',	'MODTYPE_CVS_ARMENIA_UA_ATTACH_CITIES',		'REQSET_CVS_ARMENIA_UA_HAS_16_MOUNTAIN'	),
		('MODIFIER_CVS_ARMENIA_UA_CITY_STRENGTH_16',		'MODTYPE_CVS_ARMENIA_UA_CITY_STRENGTH',		NULL									),
		('MODIFIER_CVS_ARMENIA_UA_CITY_STRENGTH_17_ATTACH',	'MODTYPE_CVS_ARMENIA_UA_ATTACH_CITIES',		'REQSET_CVS_ARMENIA_UA_HAS_17_MOUNTAIN'	),
		('MODIFIER_CVS_ARMENIA_UA_CITY_STRENGTH_17',		'MODTYPE_CVS_ARMENIA_UA_CITY_STRENGTH',		NULL									),
		('MODIFIER_CVS_ARMENIA_UA_CITY_STRENGTH_18_ATTACH',	'MODTYPE_CVS_ARMENIA_UA_ATTACH_CITIES',		'REQSET_CVS_ARMENIA_UA_HAS_18_MOUNTAIN'	),
		('MODIFIER_CVS_ARMENIA_UA_CITY_STRENGTH_18',		'MODTYPE_CVS_ARMENIA_UA_CITY_STRENGTH',		NULL									),
		('MODIFIER_CVS_ARMENIA_UA_CITY_STRENGTH_19_ATTACH',	'MODTYPE_CVS_ARMENIA_UA_ATTACH_CITIES',		'REQSET_CVS_ARMENIA_UA_HAS_19_MOUNTAIN'	),
		('MODIFIER_CVS_ARMENIA_UA_CITY_STRENGTH_19',		'MODTYPE_CVS_ARMENIA_UA_CITY_STRENGTH',		NULL									),
		('MODIFIER_CVS_ARMENIA_UA_CITY_STRENGTH_20_ATTACH',	'MODTYPE_CVS_ARMENIA_UA_ATTACH_CITIES',		'REQSET_CVS_ARMENIA_UA_HAS_20_MOUNTAIN'	),
		('MODIFIER_CVS_ARMENIA_UA_CITY_STRENGTH_20',		'MODTYPE_CVS_ARMENIA_UA_CITY_STRENGTH',		NULL									),
		('MODIFIER_CVS_ARMENIA_UA_CITY_STRENGTH_21_ATTACH',	'MODTYPE_CVS_ARMENIA_UA_ATTACH_CITIES',		'REQSET_CVS_ARMENIA_UA_HAS_21_MOUNTAIN'	),
		('MODIFIER_CVS_ARMENIA_UA_CITY_STRENGTH_21',		'MODTYPE_CVS_ARMENIA_UA_CITY_STRENGTH',		NULL									),
		('MODIFIER_CVS_ARMENIA_UA_CITY_STRENGTH_22_ATTACH',	'MODTYPE_CVS_ARMENIA_UA_ATTACH_CITIES',		'REQSET_CVS_ARMENIA_UA_HAS_22_MOUNTAIN'	),
		('MODIFIER_CVS_ARMENIA_UA_CITY_STRENGTH_22',		'MODTYPE_CVS_ARMENIA_UA_CITY_STRENGTH',		NULL									),
		('MODIFIER_CVS_ARMENIA_UA_RANGED_STRIKE_1_ATTACH',	'MODTYPE_CVS_ARMENIA_UA_ATTACH_CITIES',		'REQSET_CVS_ARMENIA_UA_HAS_1_MOUNTAIN'	),
		('MODIFIER_CVS_ARMENIA_UA_RANGED_STRIKE_1',			'MODTYPE_CVS_ARMENIA_UA_RANGED_STRIKE',		NULL									),
		('MODIFIER_CVS_ARMENIA_UA_RANGED_STRIKE_2_ATTACH',	'MODTYPE_CVS_ARMENIA_UA_ATTACH_CITIES',		'REQSET_CVS_ARMENIA_UA_HAS_2_MOUNTAIN'	),
		('MODIFIER_CVS_ARMENIA_UA_RANGED_STRIKE_2',			'MODTYPE_CVS_ARMENIA_UA_RANGED_STRIKE',		NULL									),
		('MODIFIER_CVS_ARMENIA_UA_RANGED_STRIKE_3_ATTACH',	'MODTYPE_CVS_ARMENIA_UA_ATTACH_CITIES',		'REQSET_CVS_ARMENIA_UA_HAS_3_MOUNTAIN'	),
		('MODIFIER_CVS_ARMENIA_UA_RANGED_STRIKE_3',			'MODTYPE_CVS_ARMENIA_UA_RANGED_STRIKE',		NULL									),
		('MODIFIER_CVS_ARMENIA_UA_RANGED_STRIKE_4_ATTACH',	'MODTYPE_CVS_ARMENIA_UA_ATTACH_CITIES',		'REQSET_CVS_ARMENIA_UA_HAS_4_MOUNTAIN'	),
		('MODIFIER_CVS_ARMENIA_UA_RANGED_STRIKE_4',			'MODTYPE_CVS_ARMENIA_UA_RANGED_STRIKE',		NULL									),
		('MODIFIER_CVS_ARMENIA_UA_RANGED_STRIKE_5_ATTACH',	'MODTYPE_CVS_ARMENIA_UA_ATTACH_CITIES',		'REQSET_CVS_ARMENIA_UA_HAS_5_MOUNTAIN'	),
		('MODIFIER_CVS_ARMENIA_UA_RANGED_STRIKE_5',			'MODTYPE_CVS_ARMENIA_UA_RANGED_STRIKE',		NULL									),
		('MODIFIER_CVS_ARMENIA_UA_RANGED_STRIKE_6_ATTACH',	'MODTYPE_CVS_ARMENIA_UA_ATTACH_CITIES',		'REQSET_CVS_ARMENIA_UA_HAS_6_MOUNTAIN'	),
		('MODIFIER_CVS_ARMENIA_UA_RANGED_STRIKE_6',			'MODTYPE_CVS_ARMENIA_UA_RANGED_STRIKE',		NULL									),
		('MODIFIER_CVS_ARMENIA_UA_RANGED_STRIKE_7_ATTACH',	'MODTYPE_CVS_ARMENIA_UA_ATTACH_CITIES',		'REQSET_CVS_ARMENIA_UA_HAS_7_MOUNTAIN'	),
		('MODIFIER_CVS_ARMENIA_UA_RANGED_STRIKE_7',			'MODTYPE_CVS_ARMENIA_UA_RANGED_STRIKE',		NULL									),
		('MODIFIER_CVS_ARMENIA_UA_RANGED_STRIKE_8_ATTACH',	'MODTYPE_CVS_ARMENIA_UA_ATTACH_CITIES',		'REQSET_CVS_ARMENIA_UA_HAS_8_MOUNTAIN'	),
		('MODIFIER_CVS_ARMENIA_UA_RANGED_STRIKE_8',			'MODTYPE_CVS_ARMENIA_UA_RANGED_STRIKE',		NULL									),
		('MODIFIER_CVS_ARMENIA_UA_RANGED_STRIKE_9_ATTACH',	'MODTYPE_CVS_ARMENIA_UA_ATTACH_CITIES',		'REQSET_CVS_ARMENIA_UA_HAS_9_MOUNTAIN'	),
		('MODIFIER_CVS_ARMENIA_UA_RANGED_STRIKE_9',			'MODTYPE_CVS_ARMENIA_UA_RANGED_STRIKE',		NULL									),
		('MODIFIER_CVS_ARMENIA_UA_RANGED_STRIKE_10_ATTACH',	'MODTYPE_CVS_ARMENIA_UA_ATTACH_CITIES',		'REQSET_CVS_ARMENIA_UA_HAS_10_MOUNTAIN'	),
		('MODIFIER_CVS_ARMENIA_UA_RANGED_STRIKE_10',		'MODTYPE_CVS_ARMENIA_UA_RANGED_STRIKE',		NULL									),
		('MODIFIER_CVS_ARMENIA_UA_RANGED_STRIKE_11_ATTACH',	'MODTYPE_CVS_ARMENIA_UA_ATTACH_CITIES',		'REQSET_CVS_ARMENIA_UA_HAS_11_MOUNTAIN'	),
		('MODIFIER_CVS_ARMENIA_UA_RANGED_STRIKE_11',		'MODTYPE_CVS_ARMENIA_UA_RANGED_STRIKE',		NULL									),
		('MODIFIER_CVS_ARMENIA_UA_RANGED_STRIKE_12_ATTACH',	'MODTYPE_CVS_ARMENIA_UA_ATTACH_CITIES',		'REQSET_CVS_ARMENIA_UA_HAS_12_MOUNTAIN'	),
		('MODIFIER_CVS_ARMENIA_UA_RANGED_STRIKE_12',		'MODTYPE_CVS_ARMENIA_UA_RANGED_STRIKE',		NULL									),
		('MODIFIER_CVS_ARMENIA_UA_RANGED_STRIKE_13_ATTACH',	'MODTYPE_CVS_ARMENIA_UA_ATTACH_CITIES',		'REQSET_CVS_ARMENIA_UA_HAS_13_MOUNTAIN'	),
		('MODIFIER_CVS_ARMENIA_UA_RANGED_STRIKE_13',		'MODTYPE_CVS_ARMENIA_UA_RANGED_STRIKE',		NULL									),
		('MODIFIER_CVS_ARMENIA_UA_RANGED_STRIKE_14_ATTACH',	'MODTYPE_CVS_ARMENIA_UA_ATTACH_CITIES',		'REQSET_CVS_ARMENIA_UA_HAS_14_MOUNTAIN'	),
		('MODIFIER_CVS_ARMENIA_UA_RANGED_STRIKE_14',		'MODTYPE_CVS_ARMENIA_UA_RANGED_STRIKE',		NULL									),
		('MODIFIER_CVS_ARMENIA_UA_RANGED_STRIKE_15_ATTACH',	'MODTYPE_CVS_ARMENIA_UA_ATTACH_CITIES',		'REQSET_CVS_ARMENIA_UA_HAS_15_MOUNTAIN'	),
		('MODIFIER_CVS_ARMENIA_UA_RANGED_STRIKE_15',		'MODTYPE_CVS_ARMENIA_UA_RANGED_STRIKE',		NULL									),
		('MODIFIER_CVS_ARMENIA_UA_RANGED_STRIKE_16_ATTACH',	'MODTYPE_CVS_ARMENIA_UA_ATTACH_CITIES',		'REQSET_CVS_ARMENIA_UA_HAS_16_MOUNTAIN'	),
		('MODIFIER_CVS_ARMENIA_UA_RANGED_STRIKE_16',		'MODTYPE_CVS_ARMENIA_UA_RANGED_STRIKE',		NULL									),
		('MODIFIER_CVS_ARMENIA_UA_RANGED_STRIKE_17_ATTACH',	'MODTYPE_CVS_ARMENIA_UA_ATTACH_CITIES',		'REQSET_CVS_ARMENIA_UA_HAS_17_MOUNTAIN'	),
		('MODIFIER_CVS_ARMENIA_UA_RANGED_STRIKE_17',		'MODTYPE_CVS_ARMENIA_UA_RANGED_STRIKE',		NULL									),
		('MODIFIER_CVS_ARMENIA_UA_RANGED_STRIKE_18_ATTACH',	'MODTYPE_CVS_ARMENIA_UA_ATTACH_CITIES',		'REQSET_CVS_ARMENIA_UA_HAS_18_MOUNTAIN'	),
		('MODIFIER_CVS_ARMENIA_UA_RANGED_STRIKE_18',		'MODTYPE_CVS_ARMENIA_UA_RANGED_STRIKE',		NULL									),
		('MODIFIER_CVS_ARMENIA_UA_RANGED_STRIKE_19_ATTACH',	'MODTYPE_CVS_ARMENIA_UA_ATTACH_CITIES',		'REQSET_CVS_ARMENIA_UA_HAS_19_MOUNTAIN'	),
		('MODIFIER_CVS_ARMENIA_UA_RANGED_STRIKE_19',		'MODTYPE_CVS_ARMENIA_UA_RANGED_STRIKE',		NULL									),
		('MODIFIER_CVS_ARMENIA_UA_RANGED_STRIKE_20_ATTACH',	'MODTYPE_CVS_ARMENIA_UA_ATTACH_CITIES',		'REQSET_CVS_ARMENIA_UA_HAS_20_MOUNTAIN'	),
		('MODIFIER_CVS_ARMENIA_UA_RANGED_STRIKE_20',		'MODTYPE_CVS_ARMENIA_UA_RANGED_STRIKE',		NULL									),
		('MODIFIER_CVS_ARMENIA_UA_RANGED_STRIKE_21_ATTACH',	'MODTYPE_CVS_ARMENIA_UA_ATTACH_CITIES',		'REQSET_CVS_ARMENIA_UA_HAS_21_MOUNTAIN'	),
		('MODIFIER_CVS_ARMENIA_UA_RANGED_STRIKE_21',		'MODTYPE_CVS_ARMENIA_UA_RANGED_STRIKE',		NULL									),
		('MODIFIER_CVS_ARMENIA_UA_RANGED_STRIKE_22_ATTACH',	'MODTYPE_CVS_ARMENIA_UA_ATTACH_CITIES',		'REQSET_CVS_ARMENIA_UA_HAS_22_MOUNTAIN'	),
		('MODIFIER_CVS_ARMENIA_UA_RANGED_STRIKE_22',		'MODTYPE_CVS_ARMENIA_UA_RANGED_STRIKE',		NULL									);

-----------------------------------------------
-- ModifierArguments
-----------------------------------------------

INSERT INTO ModifierArguments
		(ModifierId,										Name,			Value										)
VALUES	('MODIFIER_CVS_ARMENIA_UA_ALLIANCE_POINTS',			'Amount',		1											),
		('MODIFIER_CVS_ARMENIA_UA_CITY_STRENGTH_1_ATTACH',	'ModifierId',	'MODIFIER_CVS_ARMENIA_UA_CITY_STRENGTH_1'	),
		('MODIFIER_CVS_ARMENIA_UA_CITY_STRENGTH_1',			'Amount',		2											),
		('MODIFIER_CVS_ARMENIA_UA_CITY_STRENGTH_2_ATTACH',	'ModifierId',	'MODIFIER_CVS_ARMENIA_UA_CITY_STRENGTH_2'	),
		('MODIFIER_CVS_ARMENIA_UA_CITY_STRENGTH_2',			'Amount',		4											),
		('MODIFIER_CVS_ARMENIA_UA_CITY_STRENGTH_3_ATTACH',	'ModifierId',	'MODIFIER_CVS_ARMENIA_UA_CITY_STRENGTH_3'	),
		('MODIFIER_CVS_ARMENIA_UA_CITY_STRENGTH_3',			'Amount',		6											),
		('MODIFIER_CVS_ARMENIA_UA_CITY_STRENGTH_4_ATTACH',	'ModifierId',	'MODIFIER_CVS_ARMENIA_UA_CITY_STRENGTH_4'	),
		('MODIFIER_CVS_ARMENIA_UA_CITY_STRENGTH_4',			'Amount',		8											),
		('MODIFIER_CVS_ARMENIA_UA_CITY_STRENGTH_5_ATTACH',	'ModifierId',	'MODIFIER_CVS_ARMENIA_UA_CITY_STRENGTH_5'	),
		('MODIFIER_CVS_ARMENIA_UA_CITY_STRENGTH_5',			'Amount',		10											),
		('MODIFIER_CVS_ARMENIA_UA_CITY_STRENGTH_6_ATTACH',	'ModifierId',	'MODIFIER_CVS_ARMENIA_UA_CITY_STRENGTH_6'	),
		('MODIFIER_CVS_ARMENIA_UA_CITY_STRENGTH_6',			'Amount',		12											),
		('MODIFIER_CVS_ARMENIA_UA_CITY_STRENGTH_7_ATTACH',	'ModifierId',	'MODIFIER_CVS_ARMENIA_UA_CITY_STRENGTH_7'	),
		('MODIFIER_CVS_ARMENIA_UA_CITY_STRENGTH_7',			'Amount',		14											),
		('MODIFIER_CVS_ARMENIA_UA_CITY_STRENGTH_8_ATTACH',	'ModifierId',	'MODIFIER_CVS_ARMENIA_UA_CITY_STRENGTH_8'	),
		('MODIFIER_CVS_ARMENIA_UA_CITY_STRENGTH_8',			'Amount',		16											),
		('MODIFIER_CVS_ARMENIA_UA_CITY_STRENGTH_9_ATTACH',	'ModifierId',	'MODIFIER_CVS_ARMENIA_UA_CITY_STRENGTH_9'	),
		('MODIFIER_CVS_ARMENIA_UA_CITY_STRENGTH_9',			'Amount',		18											),
		('MODIFIER_CVS_ARMENIA_UA_CITY_STRENGTH_10_ATTACH',	'ModifierId',	'MODIFIER_CVS_ARMENIA_UA_CITY_STRENGTH_10'	),
		('MODIFIER_CVS_ARMENIA_UA_CITY_STRENGTH_10',		'Amount',		20											),
		('MODIFIER_CVS_ARMENIA_UA_CITY_STRENGTH_11_ATTACH',	'ModifierId',	'MODIFIER_CVS_ARMENIA_UA_CITY_STRENGTH_11'	),
		('MODIFIER_CVS_ARMENIA_UA_CITY_STRENGTH_11',		'Amount',		22											),
		('MODIFIER_CVS_ARMENIA_UA_CITY_STRENGTH_12_ATTACH',	'ModifierId',	'MODIFIER_CVS_ARMENIA_UA_CITY_STRENGTH_12'	),
		('MODIFIER_CVS_ARMENIA_UA_CITY_STRENGTH_12',		'Amount',		24											),
		('MODIFIER_CVS_ARMENIA_UA_CITY_STRENGTH_13_ATTACH',	'ModifierId',	'MODIFIER_CVS_ARMENIA_UA_CITY_STRENGTH_13'	),
		('MODIFIER_CVS_ARMENIA_UA_CITY_STRENGTH_13',		'Amount',		26											),
		('MODIFIER_CVS_ARMENIA_UA_CITY_STRENGTH_14_ATTACH',	'ModifierId',	'MODIFIER_CVS_ARMENIA_UA_CITY_STRENGTH_14'	),
		('MODIFIER_CVS_ARMENIA_UA_CITY_STRENGTH_14',		'Amount',		28											),
		('MODIFIER_CVS_ARMENIA_UA_CITY_STRENGTH_15_ATTACH',	'ModifierId',	'MODIFIER_CVS_ARMENIA_UA_CITY_STRENGTH_15'	),
		('MODIFIER_CVS_ARMENIA_UA_CITY_STRENGTH_15',		'Amount',		30											),
		('MODIFIER_CVS_ARMENIA_UA_CITY_STRENGTH_16_ATTACH',	'ModifierId',	'MODIFIER_CVS_ARMENIA_UA_CITY_STRENGTH_16'	),
		('MODIFIER_CVS_ARMENIA_UA_CITY_STRENGTH_16',		'Amount',		32											),
		('MODIFIER_CVS_ARMENIA_UA_CITY_STRENGTH_17_ATTACH',	'ModifierId',	'MODIFIER_CVS_ARMENIA_UA_CITY_STRENGTH_17'	),
		('MODIFIER_CVS_ARMENIA_UA_CITY_STRENGTH_17',		'Amount',		34											),
		('MODIFIER_CVS_ARMENIA_UA_CITY_STRENGTH_18_ATTACH',	'ModifierId',	'MODIFIER_CVS_ARMENIA_UA_CITY_STRENGTH_18'	),
		('MODIFIER_CVS_ARMENIA_UA_CITY_STRENGTH_18',		'Amount',		36											),
		('MODIFIER_CVS_ARMENIA_UA_CITY_STRENGTH_19_ATTACH',	'ModifierId',	'MODIFIER_CVS_ARMENIA_UA_CITY_STRENGTH_19'	),
		('MODIFIER_CVS_ARMENIA_UA_CITY_STRENGTH_19',		'Amount',		38											),
		('MODIFIER_CVS_ARMENIA_UA_CITY_STRENGTH_20_ATTACH',	'ModifierId',	'MODIFIER_CVS_ARMENIA_UA_CITY_STRENGTH_20'	),
		('MODIFIER_CVS_ARMENIA_UA_CITY_STRENGTH_20',		'Amount',		40											),
		('MODIFIER_CVS_ARMENIA_UA_CITY_STRENGTH_21_ATTACH',	'ModifierId',	'MODIFIER_CVS_ARMENIA_UA_CITY_STRENGTH_21'	),
		('MODIFIER_CVS_ARMENIA_UA_CITY_STRENGTH_21',		'Amount',		42											),
		('MODIFIER_CVS_ARMENIA_UA_CITY_STRENGTH_22_ATTACH',	'ModifierId',	'MODIFIER_CVS_ARMENIA_UA_CITY_STRENGTH_22'	),
		('MODIFIER_CVS_ARMENIA_UA_CITY_STRENGTH_22',		'Amount',		44											),
		('MODIFIER_CVS_ARMENIA_UA_RANGED_STRIKE_1_ATTACH',	'ModifierId',	'MODIFIER_CVS_ARMENIA_UA_RANGED_STRIKE_1'	),
		('MODIFIER_CVS_ARMENIA_UA_RANGED_STRIKE_1',			'Amount',		2											),
		('MODIFIER_CVS_ARMENIA_UA_RANGED_STRIKE_2_ATTACH',	'ModifierId',	'MODIFIER_CVS_ARMENIA_UA_RANGED_STRIKE_2'	),
		('MODIFIER_CVS_ARMENIA_UA_RANGED_STRIKE_2',			'Amount',		4											),
		('MODIFIER_CVS_ARMENIA_UA_RANGED_STRIKE_3_ATTACH',	'ModifierId',	'MODIFIER_CVS_ARMENIA_UA_RANGED_STRIKE_3'	),
		('MODIFIER_CVS_ARMENIA_UA_RANGED_STRIKE_3',			'Amount',		6											),
		('MODIFIER_CVS_ARMENIA_UA_RANGED_STRIKE_4_ATTACH',	'ModifierId',	'MODIFIER_CVS_ARMENIA_UA_RANGED_STRIKE_4'	),
		('MODIFIER_CVS_ARMENIA_UA_RANGED_STRIKE_4',			'Amount',		8											),
		('MODIFIER_CVS_ARMENIA_UA_RANGED_STRIKE_5_ATTACH',	'ModifierId',	'MODIFIER_CVS_ARMENIA_UA_RANGED_STRIKE_5'	),
		('MODIFIER_CVS_ARMENIA_UA_RANGED_STRIKE_5',			'Amount',		10											),
		('MODIFIER_CVS_ARMENIA_UA_RANGED_STRIKE_6_ATTACH',	'ModifierId',	'MODIFIER_CVS_ARMENIA_UA_RANGED_STRIKE_6'	),
		('MODIFIER_CVS_ARMENIA_UA_RANGED_STRIKE_6',			'Amount',		12											),
		('MODIFIER_CVS_ARMENIA_UA_RANGED_STRIKE_7_ATTACH',	'ModifierId',	'MODIFIER_CVS_ARMENIA_UA_RANGED_STRIKE_7'	),
		('MODIFIER_CVS_ARMENIA_UA_RANGED_STRIKE_7',			'Amount',		14											),
		('MODIFIER_CVS_ARMENIA_UA_RANGED_STRIKE_8_ATTACH',	'ModifierId',	'MODIFIER_CVS_ARMENIA_UA_RANGED_STRIKE_8'	),
		('MODIFIER_CVS_ARMENIA_UA_RANGED_STRIKE_8',			'Amount',		16											),
		('MODIFIER_CVS_ARMENIA_UA_RANGED_STRIKE_9_ATTACH',	'ModifierId',	'MODIFIER_CVS_ARMENIA_UA_RANGED_STRIKE_9'	),
		('MODIFIER_CVS_ARMENIA_UA_RANGED_STRIKE_9',			'Amount',		18											),
		('MODIFIER_CVS_ARMENIA_UA_RANGED_STRIKE_10_ATTACH',	'ModifierId',	'MODIFIER_CVS_ARMENIA_UA_RANGED_STRIKE_10'	),
		('MODIFIER_CVS_ARMENIA_UA_RANGED_STRIKE_10',		'Amount',		20											),
		('MODIFIER_CVS_ARMENIA_UA_RANGED_STRIKE_11_ATTACH',	'ModifierId',	'MODIFIER_CVS_ARMENIA_UA_RANGED_STRIKE_11'	),
		('MODIFIER_CVS_ARMENIA_UA_RANGED_STRIKE_11',		'Amount',		22											),
		('MODIFIER_CVS_ARMENIA_UA_RANGED_STRIKE_12_ATTACH',	'ModifierId',	'MODIFIER_CVS_ARMENIA_UA_RANGED_STRIKE_12'	),
		('MODIFIER_CVS_ARMENIA_UA_RANGED_STRIKE_12',		'Amount',		24											),
		('MODIFIER_CVS_ARMENIA_UA_RANGED_STRIKE_13_ATTACH',	'ModifierId',	'MODIFIER_CVS_ARMENIA_UA_RANGED_STRIKE_13'	),
		('MODIFIER_CVS_ARMENIA_UA_RANGED_STRIKE_13',		'Amount',		26											),
		('MODIFIER_CVS_ARMENIA_UA_RANGED_STRIKE_14_ATTACH',	'ModifierId',	'MODIFIER_CVS_ARMENIA_UA_RANGED_STRIKE_14'	),
		('MODIFIER_CVS_ARMENIA_UA_RANGED_STRIKE_14',		'Amount',		28											),
		('MODIFIER_CVS_ARMENIA_UA_RANGED_STRIKE_15_ATTACH',	'ModifierId',	'MODIFIER_CVS_ARMENIA_UA_RANGED_STRIKE_15'	),
		('MODIFIER_CVS_ARMENIA_UA_RANGED_STRIKE_15',		'Amount',		30											),
		('MODIFIER_CVS_ARMENIA_UA_RANGED_STRIKE_16_ATTACH',	'ModifierId',	'MODIFIER_CVS_ARMENIA_UA_RANGED_STRIKE_16'	),
		('MODIFIER_CVS_ARMENIA_UA_RANGED_STRIKE_16',		'Amount',		32											),
		('MODIFIER_CVS_ARMENIA_UA_RANGED_STRIKE_17_ATTACH',	'ModifierId',	'MODIFIER_CVS_ARMENIA_UA_RANGED_STRIKE_17'	),
		('MODIFIER_CVS_ARMENIA_UA_RANGED_STRIKE_17',		'Amount',		34											),
		('MODIFIER_CVS_ARMENIA_UA_RANGED_STRIKE_18_ATTACH',	'ModifierId',	'MODIFIER_CVS_ARMENIA_UA_RANGED_STRIKE_18'	),
		('MODIFIER_CVS_ARMENIA_UA_RANGED_STRIKE_18',		'Amount',		36											),
		('MODIFIER_CVS_ARMENIA_UA_RANGED_STRIKE_19_ATTACH',	'ModifierId',	'MODIFIER_CVS_ARMENIA_UA_RANGED_STRIKE_19'	),
		('MODIFIER_CVS_ARMENIA_UA_RANGED_STRIKE_19',		'Amount',		38											),
		('MODIFIER_CVS_ARMENIA_UA_RANGED_STRIKE_20_ATTACH',	'ModifierId',	'MODIFIER_CVS_ARMENIA_UA_RANGED_STRIKE_20'	),
		('MODIFIER_CVS_ARMENIA_UA_RANGED_STRIKE_20',		'Amount',		40											),
		('MODIFIER_CVS_ARMENIA_UA_RANGED_STRIKE_21_ATTACH',	'ModifierId',	'MODIFIER_CVS_ARMENIA_UA_RANGED_STRIKE_21'	),
		('MODIFIER_CVS_ARMENIA_UA_RANGED_STRIKE_21',		'Amount',		42											),
		('MODIFIER_CVS_ARMENIA_UA_RANGED_STRIKE_22_ATTACH',	'ModifierId',	'MODIFIER_CVS_ARMENIA_UA_RANGED_STRIKE_22'	),
		('MODIFIER_CVS_ARMENIA_UA_RANGED_STRIKE_22',		'Amount',		44											);

-----------------------------------------------
-- RequirementSets
-----------------------------------------------

INSERT INTO RequirementSets
		(RequirementSetId,							RequirementSetType			)
VALUES	('REQSET_CVS_ARMENIA_UA_HAS_PREREQ',		'REQUIREMENTSET_TEST_ALL'	),
		('REQSET_CVS_ARMENIA_UI_PLOT_HAS_MOUNTAIN',	'REQUIREMENTSET_TEST_ANY'	),
		('REQSET_CVS_ARMENIA_UA_HAS_1_MOUNTAIN',	'REQUIREMENTSET_TEST_ALL'	),
		('REQSET_CVS_ARMENIA_UA_HAS_2_MOUNTAIN',	'REQUIREMENTSET_TEST_ALL'	),
		('REQSET_CVS_ARMENIA_UA_HAS_3_MOUNTAIN',	'REQUIREMENTSET_TEST_ALL'	),
		('REQSET_CVS_ARMENIA_UA_HAS_4_MOUNTAIN',	'REQUIREMENTSET_TEST_ALL'	),
		('REQSET_CVS_ARMENIA_UA_HAS_5_MOUNTAIN',	'REQUIREMENTSET_TEST_ALL'	),
		('REQSET_CVS_ARMENIA_UA_HAS_6_MOUNTAIN',	'REQUIREMENTSET_TEST_ALL'	),
		('REQSET_CVS_ARMENIA_UA_HAS_7_MOUNTAIN',	'REQUIREMENTSET_TEST_ALL'	),
		('REQSET_CVS_ARMENIA_UA_HAS_8_MOUNTAIN',	'REQUIREMENTSET_TEST_ALL'	),
		('REQSET_CVS_ARMENIA_UA_HAS_9_MOUNTAIN',	'REQUIREMENTSET_TEST_ALL'	),
		('REQSET_CVS_ARMENIA_UA_HAS_10_MOUNTAIN',	'REQUIREMENTSET_TEST_ALL'	),
		('REQSET_CVS_ARMENIA_UA_HAS_11_MOUNTAIN',	'REQUIREMENTSET_TEST_ALL'	),
		('REQSET_CVS_ARMENIA_UA_HAS_12_MOUNTAIN',	'REQUIREMENTSET_TEST_ALL'	),
		('REQSET_CVS_ARMENIA_UA_HAS_13_MOUNTAIN',	'REQUIREMENTSET_TEST_ALL'	),
		('REQSET_CVS_ARMENIA_UA_HAS_14_MOUNTAIN',	'REQUIREMENTSET_TEST_ALL'	),
		('REQSET_CVS_ARMENIA_UA_HAS_15_MOUNTAIN',	'REQUIREMENTSET_TEST_ALL'	),
		('REQSET_CVS_ARMENIA_UA_HAS_16_MOUNTAIN',	'REQUIREMENTSET_TEST_ALL'	),
		('REQSET_CVS_ARMENIA_UA_HAS_17_MOUNTAIN',	'REQUIREMENTSET_TEST_ALL'	),
		('REQSET_CVS_ARMENIA_UA_HAS_18_MOUNTAIN',	'REQUIREMENTSET_TEST_ALL'	),
		('REQSET_CVS_ARMENIA_UA_HAS_19_MOUNTAIN',	'REQUIREMENTSET_TEST_ALL'	),
		('REQSET_CVS_ARMENIA_UA_HAS_20_MOUNTAIN',	'REQUIREMENTSET_TEST_ALL'	),
		('REQSET_CVS_ARMENIA_UA_HAS_21_MOUNTAIN',	'REQUIREMENTSET_TEST_ALL'	),
		('REQSET_CVS_ARMENIA_UA_HAS_22_MOUNTAIN',	'REQUIREMENTSET_TEST_ALL'	);

-----------------------------------------------
-- RequirementSetRequirements
-----------------------------------------------

INSERT INTO RequirementSetRequirements
		(RequirementSetId,							RequirementId									)
VALUES	('REQSET_CVS_ARMENIA_UA_HAS_PREREQ',		'REQ_CVS_ARMENIA_UA_HAS_PREREQ'					),
		('REQSET_CVS_ARMENIA_UI_PLOT_HAS_MOUNTAIN',	'REQ_CVS_ARMENIA_UI_PLOT_HAS_MOUNTAIN_GRASS'	),
		('REQSET_CVS_ARMENIA_UI_PLOT_HAS_MOUNTAIN',	'REQ_CVS_ARMENIA_UI_PLOT_HAS_MOUNTAIN_PLAINS'	),
		('REQSET_CVS_ARMENIA_UI_PLOT_HAS_MOUNTAIN',	'REQ_CVS_ARMENIA_UI_PLOT_HAS_MOUNTAIN_DESERT'	),
		('REQSET_CVS_ARMENIA_UI_PLOT_HAS_MOUNTAIN',	'REQ_CVS_ARMENIA_UI_PLOT_HAS_MOUNTAIN_TUNDRA'	),
		('REQSET_CVS_ARMENIA_UI_PLOT_HAS_MOUNTAIN',	'REQ_CVS_ARMENIA_UI_PLOT_HAS_MOUNTAIN_SNOW'		),
		('REQSET_CVS_ARMENIA_UA_HAS_1_MOUNTAIN',	'REQ_CVS_ARMENIA_UA_HAS_1_MOUNTAIN'				),
		('REQSET_CVS_ARMENIA_UA_HAS_1_MOUNTAIN',	'REQ_CVS_PLAYER_IS_ARMENIA'			),
		('REQSET_CVS_ARMENIA_UA_HAS_2_MOUNTAIN',	'REQ_CVS_ARMENIA_UA_HAS_2_MOUNTAIN'				),
		('REQSET_CVS_ARMENIA_UA_HAS_2_MOUNTAIN',	'REQ_CVS_PLAYER_IS_ARMENIA'			),
		('REQSET_CVS_ARMENIA_UA_HAS_3_MOUNTAIN',	'REQ_CVS_ARMENIA_UA_HAS_3_MOUNTAIN'				),
		('REQSET_CVS_ARMENIA_UA_HAS_3_MOUNTAIN',	'REQ_CVS_PLAYER_IS_ARMENIA'			),
		('REQSET_CVS_ARMENIA_UA_HAS_4_MOUNTAIN',	'REQ_CVS_ARMENIA_UA_HAS_4_MOUNTAIN'				),
		('REQSET_CVS_ARMENIA_UA_HAS_4_MOUNTAIN',	'REQ_CVS_PLAYER_IS_ARMENIA'			),
		('REQSET_CVS_ARMENIA_UA_HAS_5_MOUNTAIN',	'REQ_CVS_ARMENIA_UA_HAS_5_MOUNTAIN'				),
		('REQSET_CVS_ARMENIA_UA_HAS_5_MOUNTAIN',	'REQ_CVS_PLAYER_IS_ARMENIA'			),
		('REQSET_CVS_ARMENIA_UA_HAS_6_MOUNTAIN',	'REQ_CVS_ARMENIA_UA_HAS_6_MOUNTAIN'				),
		('REQSET_CVS_ARMENIA_UA_HAS_6_MOUNTAIN',	'REQ_CVS_PLAYER_IS_ARMENIA'			),
		('REQSET_CVS_ARMENIA_UA_HAS_7_MOUNTAIN',	'REQ_CVS_ARMENIA_UA_HAS_7_MOUNTAIN'				),
		('REQSET_CVS_ARMENIA_UA_HAS_7_MOUNTAIN',	'REQ_CVS_PLAYER_IS_ARMENIA'			),
		('REQSET_CVS_ARMENIA_UA_HAS_8_MOUNTAIN',	'REQ_CVS_ARMENIA_UA_HAS_8_MOUNTAIN'				),
		('REQSET_CVS_ARMENIA_UA_HAS_8_MOUNTAIN',	'REQ_CVS_PLAYER_IS_ARMENIA'			),
		('REQSET_CVS_ARMENIA_UA_HAS_9_MOUNTAIN',	'REQ_CVS_ARMENIA_UA_HAS_9_MOUNTAIN'				),
		('REQSET_CVS_ARMENIA_UA_HAS_9_MOUNTAIN',	'REQ_CVS_PLAYER_IS_ARMENIA'			),
		('REQSET_CVS_ARMENIA_UA_HAS_10_MOUNTAIN',	'REQ_CVS_ARMENIA_UA_HAS_10_MOUNTAIN'			),
		('REQSET_CVS_ARMENIA_UA_HAS_10_MOUNTAIN',	'REQ_CVS_PLAYER_IS_ARMENIA'			),
		('REQSET_CVS_ARMENIA_UA_HAS_11_MOUNTAIN',	'REQ_CVS_ARMENIA_UA_HAS_11_MOUNTAIN'			),
		('REQSET_CVS_ARMENIA_UA_HAS_11_MOUNTAIN',	'REQ_CVS_PLAYER_IS_ARMENIA'			),
		('REQSET_CVS_ARMENIA_UA_HAS_12_MOUNTAIN',	'REQ_CVS_ARMENIA_UA_HAS_12_MOUNTAIN'			),
		('REQSET_CVS_ARMENIA_UA_HAS_12_MOUNTAIN',	'REQ_CVS_PLAYER_IS_ARMENIA'			),
		('REQSET_CVS_ARMENIA_UA_HAS_13_MOUNTAIN',	'REQ_CVS_ARMENIA_UA_HAS_13_MOUNTAIN'			),
		('REQSET_CVS_ARMENIA_UA_HAS_13_MOUNTAIN',	'REQ_CVS_PLAYER_IS_ARMENIA'			),
		('REQSET_CVS_ARMENIA_UA_HAS_14_MOUNTAIN',	'REQ_CVS_ARMENIA_UA_HAS_14_MOUNTAIN'			),
		('REQSET_CVS_ARMENIA_UA_HAS_14_MOUNTAIN',	'REQ_CVS_PLAYER_IS_ARMENIA'			),
		('REQSET_CVS_ARMENIA_UA_HAS_15_MOUNTAIN',	'REQ_CVS_ARMENIA_UA_HAS_15_MOUNTAIN'			),
		('REQSET_CVS_ARMENIA_UA_HAS_15_MOUNTAIN',	'REQ_CVS_PLAYER_IS_ARMENIA'			),
		('REQSET_CVS_ARMENIA_UA_HAS_16_MOUNTAIN',	'REQ_CVS_ARMENIA_UA_HAS_16_MOUNTAIN'			),
		('REQSET_CVS_ARMENIA_UA_HAS_16_MOUNTAIN',	'REQ_CVS_PLAYER_IS_ARMENIA'			),
		('REQSET_CVS_ARMENIA_UA_HAS_17_MOUNTAIN',	'REQ_CVS_ARMENIA_UA_HAS_17_MOUNTAIN'			),
		('REQSET_CVS_ARMENIA_UA_HAS_17_MOUNTAIN',	'REQ_CVS_PLAYER_IS_ARMENIA'			),
		('REQSET_CVS_ARMENIA_UA_HAS_18_MOUNTAIN',	'REQ_CVS_ARMENIA_UA_HAS_18_MOUNTAIN'			),
		('REQSET_CVS_ARMENIA_UA_HAS_18_MOUNTAIN',	'REQ_CVS_PLAYER_IS_ARMENIA'			),
		('REQSET_CVS_ARMENIA_UA_HAS_19_MOUNTAIN',	'REQ_CVS_ARMENIA_UA_HAS_19_MOUNTAIN'			),
		('REQSET_CVS_ARMENIA_UA_HAS_19_MOUNTAIN',	'REQ_CVS_PLAYER_IS_ARMENIA'			),
		('REQSET_CVS_ARMENIA_UA_HAS_20_MOUNTAIN',	'REQ_CVS_ARMENIA_UA_HAS_20_MOUNTAIN'			),
		('REQSET_CVS_ARMENIA_UA_HAS_20_MOUNTAIN',	'REQ_CVS_PLAYER_IS_ARMENIA'			),
		('REQSET_CVS_ARMENIA_UA_HAS_21_MOUNTAIN',	'REQ_CVS_ARMENIA_UA_HAS_21_MOUNTAIN'			),
		('REQSET_CVS_ARMENIA_UA_HAS_21_MOUNTAIN',	'REQ_CVS_PLAYER_IS_ARMENIA'			),
		('REQSET_CVS_ARMENIA_UA_HAS_22_MOUNTAIN',	'REQ_CVS_ARMENIA_UA_HAS_22_MOUNTAIN'			),
		('REQSET_CVS_ARMENIA_UA_HAS_22_MOUNTAIN',	'REQ_CVS_PLAYER_IS_ARMENIA'			);

-----------------------------------------------
-- Requirements
-----------------------------------------------

INSERT INTO Requirements
		(RequirementId,									RequirementType							)
VALUES	('REQ_CVS_ARMENIA_UA_HAS_PREREQ',				'REQUIREMENT_PLAYER_HAS_TECHNOLOGY'		),
		('REQ_CVS_ARMENIA_UI_PLOT_HAS_MOUNTAIN',		'REQUIREMENT_REQUIREMENTSET_IS_MET'		),
		('REQ_CVS_ARMENIA_UI_PLOT_HAS_MOUNTAIN_GRASS',	'REQUIREMENT_PLOT_TERRAIN_TYPE_MATCHES'	),
		('REQ_CVS_ARMENIA_UI_PLOT_HAS_MOUNTAIN_PLAINS',	'REQUIREMENT_PLOT_TERRAIN_TYPE_MATCHES'	),
		('REQ_CVS_ARMENIA_UI_PLOT_HAS_MOUNTAIN_DESERT',	'REQUIREMENT_PLOT_TERRAIN_TYPE_MATCHES'	),
		('REQ_CVS_ARMENIA_UI_PLOT_HAS_MOUNTAIN_TUNDRA',	'REQUIREMENT_PLOT_TERRAIN_TYPE_MATCHES'	),
		('REQ_CVS_ARMENIA_UI_PLOT_HAS_MOUNTAIN_SNOW',	'REQUIREMENT_PLOT_TERRAIN_TYPE_MATCHES'	),
		('REQ_CVS_ARMENIA_UA_HAS_1_MOUNTAIN',			'REQUIREMENT_COLLECTION_COUNT_EQUALS'	),
		('REQ_CVS_ARMENIA_UA_HAS_2_MOUNTAIN',			'REQUIREMENT_COLLECTION_COUNT_EQUALS'	),
		('REQ_CVS_ARMENIA_UA_HAS_3_MOUNTAIN',			'REQUIREMENT_COLLECTION_COUNT_EQUALS'	),
		('REQ_CVS_ARMENIA_UA_HAS_4_MOUNTAIN',			'REQUIREMENT_COLLECTION_COUNT_EQUALS'	),
		('REQ_CVS_ARMENIA_UA_HAS_5_MOUNTAIN',			'REQUIREMENT_COLLECTION_COUNT_EQUALS'	),
		('REQ_CVS_ARMENIA_UA_HAS_6_MOUNTAIN',			'REQUIREMENT_COLLECTION_COUNT_EQUALS'	),
		('REQ_CVS_ARMENIA_UA_HAS_7_MOUNTAIN',			'REQUIREMENT_COLLECTION_COUNT_EQUALS'	),
		('REQ_CVS_ARMENIA_UA_HAS_8_MOUNTAIN',			'REQUIREMENT_COLLECTION_COUNT_EQUALS'	),
		('REQ_CVS_ARMENIA_UA_HAS_9_MOUNTAIN',			'REQUIREMENT_COLLECTION_COUNT_EQUALS'	),
		('REQ_CVS_ARMENIA_UA_HAS_10_MOUNTAIN',			'REQUIREMENT_COLLECTION_COUNT_EQUALS'	),
		('REQ_CVS_ARMENIA_UA_HAS_11_MOUNTAIN',			'REQUIREMENT_COLLECTION_COUNT_EQUALS'	),
		('REQ_CVS_ARMENIA_UA_HAS_12_MOUNTAIN',			'REQUIREMENT_COLLECTION_COUNT_EQUALS'	),
		('REQ_CVS_ARMENIA_UA_HAS_13_MOUNTAIN',			'REQUIREMENT_COLLECTION_COUNT_EQUALS'	),
		('REQ_CVS_ARMENIA_UA_HAS_14_MOUNTAIN',			'REQUIREMENT_COLLECTION_COUNT_EQUALS'	),
		('REQ_CVS_ARMENIA_UA_HAS_15_MOUNTAIN',			'REQUIREMENT_COLLECTION_COUNT_EQUALS'	),
		('REQ_CVS_ARMENIA_UA_HAS_16_MOUNTAIN',			'REQUIREMENT_COLLECTION_COUNT_EQUALS'	),
		('REQ_CVS_ARMENIA_UA_HAS_17_MOUNTAIN',			'REQUIREMENT_COLLECTION_COUNT_EQUALS'	),
		('REQ_CVS_ARMENIA_UA_HAS_18_MOUNTAIN',			'REQUIREMENT_COLLECTION_COUNT_EQUALS'	),
		('REQ_CVS_ARMENIA_UA_HAS_19_MOUNTAIN',			'REQUIREMENT_COLLECTION_COUNT_EQUALS'	),
		('REQ_CVS_ARMENIA_UA_HAS_20_MOUNTAIN',			'REQUIREMENT_COLLECTION_COUNT_EQUALS'	),
		('REQ_CVS_ARMENIA_UA_HAS_21_MOUNTAIN',			'REQUIREMENT_COLLECTION_COUNT_EQUALS'	),
		('REQ_CVS_ARMENIA_UA_HAS_22_MOUNTAIN',			'REQUIREMENT_COLLECTION_COUNT_EQUALS'	);

-----------------------------------------------
-- RequirementArguments
-----------------------------------------------
		
INSERT INTO RequirementArguments
		(RequirementId,									Name,				Value										)
VALUES	('REQ_CVS_ARMENIA_UA_HAS_PREREQ',				'TechnologyType',	'TECH_MINING'								),
		('REQ_CVS_ARMENIA_UI_PLOT_HAS_MOUNTAIN',		'RequirementSetId',	'REQSET_CVS_ARMENIA_UI_PLOT_HAS_MOUNTAIN'	),
		('REQ_CVS_ARMENIA_UI_PLOT_HAS_MOUNTAIN_GRASS',	'TerrainType',		'TERRAIN_GRASS_MOUNTAIN'					),
		('REQ_CVS_ARMENIA_UI_PLOT_HAS_MOUNTAIN_PLAINS',	'TerrainType',		'TERRAIN_PLAINS_MOUNTAIN'					),
		('REQ_CVS_ARMENIA_UI_PLOT_HAS_MOUNTAIN_DESERT',	'TerrainType',		'TERRAIN_DESERT_MOUNTAIN'					),
		('REQ_CVS_ARMENIA_UI_PLOT_HAS_MOUNTAIN_TUNDRA',	'TerrainType',		'TERRAIN_TUNDRA_MOUNTAIN'					),
		('REQ_CVS_ARMENIA_UI_PLOT_HAS_MOUNTAIN_SNOW',	'TerrainType',		'TERRAIN_SNOW_MOUNTAIN'						),
		('REQ_CVS_ARMENIA_UA_HAS_1_MOUNTAIN',			'CollectionType',	'COLLECTION_CITY_PLOT_YIELDS'				),
		('REQ_CVS_ARMENIA_UA_HAS_1_MOUNTAIN',			'Count',			1											),
		('REQ_CVS_ARMENIA_UA_HAS_1_MOUNTAIN',			'RequirementSetId',	'REQSET_CVS_ARMENIA_UI_PLOT_HAS_MOUNTAIN'	),
		('REQ_CVS_ARMENIA_UA_HAS_2_MOUNTAIN',			'CollectionType',	'COLLECTION_CITY_PLOT_YIELDS'				),
		('REQ_CVS_ARMENIA_UA_HAS_2_MOUNTAIN',			'Count',			2											),
		('REQ_CVS_ARMENIA_UA_HAS_2_MOUNTAIN',			'RequirementSetId',	'REQSET_CVS_ARMENIA_UI_PLOT_HAS_MOUNTAIN'	),
		('REQ_CVS_ARMENIA_UA_HAS_3_MOUNTAIN',			'CollectionType',	'COLLECTION_CITY_PLOT_YIELDS'				),
		('REQ_CVS_ARMENIA_UA_HAS_3_MOUNTAIN',			'Count',			3											),
		('REQ_CVS_ARMENIA_UA_HAS_3_MOUNTAIN',			'RequirementSetId',	'REQSET_CVS_ARMENIA_UI_PLOT_HAS_MOUNTAIN'	),
		('REQ_CVS_ARMENIA_UA_HAS_4_MOUNTAIN',			'CollectionType',	'COLLECTION_CITY_PLOT_YIELDS'				),
		('REQ_CVS_ARMENIA_UA_HAS_4_MOUNTAIN',			'Count',			4											),
		('REQ_CVS_ARMENIA_UA_HAS_4_MOUNTAIN',			'RequirementSetId',	'REQSET_CVS_ARMENIA_UI_PLOT_HAS_MOUNTAIN'	),
		('REQ_CVS_ARMENIA_UA_HAS_5_MOUNTAIN',			'CollectionType',	'COLLECTION_CITY_PLOT_YIELDS'				),
		('REQ_CVS_ARMENIA_UA_HAS_5_MOUNTAIN',			'Count',			5											),
		('REQ_CVS_ARMENIA_UA_HAS_5_MOUNTAIN',			'RequirementSetId',	'REQSET_CVS_ARMENIA_UI_PLOT_HAS_MOUNTAIN'	),
		('REQ_CVS_ARMENIA_UA_HAS_6_MOUNTAIN',			'CollectionType',	'COLLECTION_CITY_PLOT_YIELDS'				),
		('REQ_CVS_ARMENIA_UA_HAS_6_MOUNTAIN',			'Count',			6											),
		('REQ_CVS_ARMENIA_UA_HAS_6_MOUNTAIN',			'RequirementSetId',	'REQSET_CVS_ARMENIA_UI_PLOT_HAS_MOUNTAIN'	),
		('REQ_CVS_ARMENIA_UA_HAS_7_MOUNTAIN',			'CollectionType',	'COLLECTION_CITY_PLOT_YIELDS'				),
		('REQ_CVS_ARMENIA_UA_HAS_7_MOUNTAIN',			'Count',			7											),
		('REQ_CVS_ARMENIA_UA_HAS_7_MOUNTAIN',			'RequirementSetId',	'REQSET_CVS_ARMENIA_UI_PLOT_HAS_MOUNTAIN'	),
		('REQ_CVS_ARMENIA_UA_HAS_8_MOUNTAIN',			'CollectionType',	'COLLECTION_CITY_PLOT_YIELDS'				),
		('REQ_CVS_ARMENIA_UA_HAS_8_MOUNTAIN',			'Count',			8											),
		('REQ_CVS_ARMENIA_UA_HAS_8_MOUNTAIN',			'RequirementSetId',	'REQSET_CVS_ARMENIA_UI_PLOT_HAS_MOUNTAIN'	),
		('REQ_CVS_ARMENIA_UA_HAS_9_MOUNTAIN',			'CollectionType',	'COLLECTION_CITY_PLOT_YIELDS'				),
		('REQ_CVS_ARMENIA_UA_HAS_9_MOUNTAIN',			'Count',			9											),
		('REQ_CVS_ARMENIA_UA_HAS_9_MOUNTAIN',			'RequirementSetId',	'REQSET_CVS_ARMENIA_UI_PLOT_HAS_MOUNTAIN'	),
		('REQ_CVS_ARMENIA_UA_HAS_10_MOUNTAIN',			'CollectionType',	'COLLECTION_CITY_PLOT_YIELDS'				),
		('REQ_CVS_ARMENIA_UA_HAS_10_MOUNTAIN',			'Count',			10											),
		('REQ_CVS_ARMENIA_UA_HAS_10_MOUNTAIN',			'RequirementSetId',	'REQSET_CVS_ARMENIA_UI_PLOT_HAS_MOUNTAIN'	),
		('REQ_CVS_ARMENIA_UA_HAS_11_MOUNTAIN',			'CollectionType',	'COLLECTION_CITY_PLOT_YIELDS'				),
		('REQ_CVS_ARMENIA_UA_HAS_11_MOUNTAIN',			'Count',			11											),
		('REQ_CVS_ARMENIA_UA_HAS_11_MOUNTAIN',			'RequirementSetId',	'REQSET_CVS_ARMENIA_UI_PLOT_HAS_MOUNTAIN'	),
		('REQ_CVS_ARMENIA_UA_HAS_12_MOUNTAIN',			'CollectionType',	'COLLECTION_CITY_PLOT_YIELDS'				),
		('REQ_CVS_ARMENIA_UA_HAS_12_MOUNTAIN',			'Count',			12											),
		('REQ_CVS_ARMENIA_UA_HAS_12_MOUNTAIN',			'RequirementSetId',	'REQSET_CVS_ARMENIA_UI_PLOT_HAS_MOUNTAIN'	),
		('REQ_CVS_ARMENIA_UA_HAS_13_MOUNTAIN',			'CollectionType',	'COLLECTION_CITY_PLOT_YIELDS'				),
		('REQ_CVS_ARMENIA_UA_HAS_13_MOUNTAIN',			'Count',			13											),
		('REQ_CVS_ARMENIA_UA_HAS_13_MOUNTAIN',			'RequirementSetId',	'REQSET_CVS_ARMENIA_UI_PLOT_HAS_MOUNTAIN'	),
		('REQ_CVS_ARMENIA_UA_HAS_14_MOUNTAIN',			'CollectionType',	'COLLECTION_CITY_PLOT_YIELDS'				),
		('REQ_CVS_ARMENIA_UA_HAS_14_MOUNTAIN',			'Count',			14											),
		('REQ_CVS_ARMENIA_UA_HAS_14_MOUNTAIN',			'RequirementSetId',	'REQSET_CVS_ARMENIA_UI_PLOT_HAS_MOUNTAIN'	),
		('REQ_CVS_ARMENIA_UA_HAS_15_MOUNTAIN',			'CollectionType',	'COLLECTION_CITY_PLOT_YIELDS'				),
		('REQ_CVS_ARMENIA_UA_HAS_15_MOUNTAIN',			'Count',			15											),
		('REQ_CVS_ARMENIA_UA_HAS_15_MOUNTAIN',			'RequirementSetId',	'REQSET_CVS_ARMENIA_UI_PLOT_HAS_MOUNTAIN'	),
		('REQ_CVS_ARMENIA_UA_HAS_16_MOUNTAIN',			'CollectionType',	'COLLECTION_CITY_PLOT_YIELDS'				),
		('REQ_CVS_ARMENIA_UA_HAS_16_MOUNTAIN',			'Count',			16											),
		('REQ_CVS_ARMENIA_UA_HAS_16_MOUNTAIN',			'RequirementSetId',	'REQSET_CVS_ARMENIA_UI_PLOT_HAS_MOUNTAIN'	),
		('REQ_CVS_ARMENIA_UA_HAS_17_MOUNTAIN',			'CollectionType',	'COLLECTION_CITY_PLOT_YIELDS'				),
		('REQ_CVS_ARMENIA_UA_HAS_17_MOUNTAIN',			'Count',			17											),
		('REQ_CVS_ARMENIA_UA_HAS_17_MOUNTAIN',			'RequirementSetId',	'REQSET_CVS_ARMENIA_UI_PLOT_HAS_MOUNTAIN'	),
		('REQ_CVS_ARMENIA_UA_HAS_18_MOUNTAIN',			'CollectionType',	'COLLECTION_CITY_PLOT_YIELDS'				),
		('REQ_CVS_ARMENIA_UA_HAS_18_MOUNTAIN',			'Count',			18											),
		('REQ_CVS_ARMENIA_UA_HAS_18_MOUNTAIN',			'RequirementSetId',	'REQSET_CVS_ARMENIA_UI_PLOT_HAS_MOUNTAIN'	),
		('REQ_CVS_ARMENIA_UA_HAS_19_MOUNTAIN',			'CollectionType',	'COLLECTION_CITY_PLOT_YIELDS'				),
		('REQ_CVS_ARMENIA_UA_HAS_19_MOUNTAIN',			'Count',			19											),
		('REQ_CVS_ARMENIA_UA_HAS_19_MOUNTAIN',			'RequirementSetId',	'REQSET_CVS_ARMENIA_UI_PLOT_HAS_MOUNTAIN'	),
		('REQ_CVS_ARMENIA_UA_HAS_20_MOUNTAIN',			'CollectionType',	'COLLECTION_CITY_PLOT_YIELDS'				),
		('REQ_CVS_ARMENIA_UA_HAS_20_MOUNTAIN',			'Count',			20											),
		('REQ_CVS_ARMENIA_UA_HAS_20_MOUNTAIN',			'RequirementSetId',	'REQSET_CVS_ARMENIA_UI_PLOT_HAS_MOUNTAIN'	),
		('REQ_CVS_ARMENIA_UA_HAS_21_MOUNTAIN',			'CollectionType',	'COLLECTION_CITY_PLOT_YIELDS'				),
		('REQ_CVS_ARMENIA_UA_HAS_21_MOUNTAIN',			'Count',			21											),
		('REQ_CVS_ARMENIA_UA_HAS_21_MOUNTAIN',			'RequirementSetId',	'REQSET_CVS_ARMENIA_UI_PLOT_HAS_MOUNTAIN'	),
		('REQ_CVS_ARMENIA_UA_HAS_22_MOUNTAIN',			'CollectionType',	'COLLECTION_CITY_PLOT_YIELDS'				),
		('REQ_CVS_ARMENIA_UA_HAS_22_MOUNTAIN',			'Count',			22											),
		('REQ_CVS_ARMENIA_UA_HAS_22_MOUNTAIN',			'RequirementSetId',	'REQSET_CVS_ARMENIA_UI_PLOT_HAS_MOUNTAIN'	);